Table 1: Museums and Galleries Monthly Visits (revisions on previous data are highlighted in red),,,,,,,,,,,
,,,,,,,,,,,
,2004/2005,2005/2006,2006/2007,2007/2008,2008/2009,2009/2010,2010/2011,2011/2012,2012/2013,2013/2014,2014/2015 (to date)
TOTAL," 35,688,935 "," 33,618,785 "," 38,560,947 "," 39,492,700 "," 39,672,602 "," 41,450,420 "," 43,126,664 "," 43,505,596 "," 47,014,055 "," 48,822,955 "," 50,639,898 "
,,,,,,,,,,,
BRITISH MUSEUM,2004/2005,2005/2006,2006/2007,2007/2008,2008/2009,2009/2010,2010/2011,2011/2012,2012/2013,2013/2014,2014/2015
April," 403,841 "," 372,676 "," 431,430 "," 400,735 "," 455,743 "," 508,408 "," 513,323 "," 495,739 "," 579,873 "," 644,605 "," 641,259 "
May," 367,435 "," 414,362 "," 443,157 "," 431,701 "," 448,441 "," 471,666 "," 539,734 "," 485,629 "," 462,164 "," 660,497 "," 654,228 "
June," 352,583 "," 390,743 "," 442,917 "," 401,792 "," 389,540 "," 460,450 "," 461,935 "," 526,789 "," 457,906 "," 579,950 "," 596,527 "
July," 504,251 "," 400,081 "," 484,378 "," 470,926 "," 552,341 "," 567,216 "," 601,719 "," 663,409 "," 493,439 "," 747,936 "," 698,550 "
August," 490,457 "," 359,917 "," 473,701 "," 500,509 "," 582,018 "," 549,704 "," 596,630 "," 617,343 "," 480,136 "," 739,711 "," 702,997 "
September," 360,254 "," 320,651 "," 363,569 "," 481,784 "," 443,478 "," 416,677 "," 432,671 "," 444,345 "," 443,538 "," 555,727 "," 498,386 "
October," 455,236 "," 405,798 "," 399,860 "," 555,695 "," 526,540 "," 499,376 "," 490,251 "," 494,480 "," 491,908 "," 533,444 "," 586,248 "
November," 387,258 "," 365,994 "," 354,909 "," 509,191 "," 384,757 "," 384,851 "," 430,562 "," 342,734 "," 415,935 "," 410,312 "," 425,550 "
December," 396,783 "," 377,364 "," 366,105 "," 523,699 "," 376,555 "," 405,153 "," 395,106 "," 370,601 "," 350,458 "," 411,397 "," 416,112 "
January," 327,033 "," 360,700 "," 351,099 "," 546,448 "," 410,003 "," 402,611 "," 414,782 "," 408,567 "," 355,439 "," 428,710 "," 446,904 "
February," 367,113 "," 328,462 "," 368,636 "," 580,093 "," 417,681 "," 457,606 "," 460,670 "," 491,294 "," 463,939 "," 457,379 "," 477,719 "
March," 365,956 "," 388,734 "," 422,498 "," 635,357 "," 478,764 "," 519,990 "," 532,013 "," 500,728 "," 598,079 "," 589,267 "," 533,510 "
Financial Year Running Total," 4,778,200 "," 4,485,482 "," 4,902,259 "," 6,037,930 "," 5,465,861 "," 5,643,708 "," 5,869,396 "," 5,841,658 "," 5,592,814 "," 6,758,935 "," 6,677,990 "
,,,,,,,,,,,
GEFFRYE MUSEUM,2004/2005,2005/2006,2006/2007,2007/2008,2008/2009,2009/2010,2010/2011,2011/2012,2012/2013,2013/2014,2014/2015
April," 6,599 "," 5,778 "," 5,381 "," 6,227 "," 5,365 "," 7,294 "," 8,223 "," 7,970 "," 8,654 "," 9,362 "," 9,981 "
May," 6,742 "," 5,136 "," 6,252 "," 8,037 "," 5,774 "," 6,947 "," 8,296 "," 8,206 "," 7,692 "," 9,525 "," 10,135 "
June," 5,517 "," 5,371 "," 4,531 "," 6,556 "," 5,522 "," 5,744 "," 7,859 "," 8,256 "," 7,323 "," 7,953 "," 7,546 "
July," 6,431 "," 4,629 "," 3,905 "," 4,971 "," 5,978 "," 6,809 "," 7,760 "," 8,929 "," 6,289 "," 7,450 "," 7,523 "
August," 5,998 "," 5,004 "," 5,145 "," 5,774 "," 6,482 "," 6,646 "," 7,232 "," 9,200 "," 7,812 "," 10,049 "," 11,080 "
September," 6,823 "," 5,203 "," 5,222 "," 5,410 "," 5,801 "," 6,128 "," 7,819 "," 7,865 "," 8,727 "," 8,032 "," 7,191 "
October," 6,988 "," 6,194 "," 4,407 "," 6,830 "," 7,449 "," 7,917 "," 9,127 "," 8,104 "," 8,952 "," 9,223 "," 6,961 "
November," 5,681 "," 6,883 "," 6,116 "," 6,846 "," 8,731 "," 8,334 "," 8,494 "," 8,058 "," 8,683 "," 8,802 "," 8,282 "
December," 10,897 "," 11,527 "," 13,423 "," 10,156 "," 13,183 "," 13,132 "," 12,392 "," 14,657 "," 13,715 "," 15,571 "," 11,197 "
January," 5,226 "," 7,545 "," 7,432 "," 7,149 "," 7,668 "," 8,291 "," 8,500 "," 8,002 "," 10,201 "," 9,886 "," 8,664 "
February," 6,728 "," 10,378 "," 6,858 "," 6,560 "," 7,072 "," 8,480 "," 8,613 "," 7,883 "," 8,957 "," 9,291 "," 5,832 "
March," 6,329 "," 5,760 "," 8,235 "," 5,836 "," 7,247 "," 5,694 "," 8,599 "," 7,815 "," 8,386 "," 7,870 "," 7,893 "
Financial Year Running Total," 79,959 "," 79,408 "," 76,907 "," 80,352 "," 86,272 "," 91,416 "," 102,914 "," 104,945 "," 105,391 "," 113,014 "," 102,285 "
,,,,,,,,,,,
HORNIMAN MUSEUM (Excluding visits to the Garden),2004/2005,2005/2006,2006/2007,2007/2008,2008/2009,2009/2010,2010/2011,2011/2012,2012/2013,2013/2014,2014/2015
April," 29,082 "," 22,371 "," 27,718 "," 43,133 "," 44,533 "," 63,848 "," 65,009 "," 46,675 "," 55,508 "," 61,383 "," 70,750 "
May," 26,920 "," 23,981 "," 28,215 "," 46,119 "," 42,597 "," 55,090 "," 53,919 "," 43,988 "," 45,802 "," 59,588 "," 65,722 "
June," 26,292 "," 23,739 "," 23,637 "," 38,265 "," 39,111 "," 44,110 "," 50,764 "," 41,071 "," 53,644 "," 50,050 "," 51,596 "
July," 30,754 "," 31,196 "," 45,024 "," 49,048 "," 46,293 "," 62,888 "," 61,425 "," 48,131 "," 59,656 "," 57,553 "," 83,650 "
August," 37,070 "," 36,276 "," 67,145 "," 71,175 "," 67,616 "," 101,590 "," 87,153 "," 65,560 "," 75,666 "," 87,090 "," 99,772 "
September," 23,037 "," 16,611 "," 25,288 "," 28,902 "," 28,826 "," 35,427 "," 34,867 "," 32,718 "," 36,513 "," 49,644 "," 45,092 "
October," 27,200 "," 27,244 "," 41,995 "," 38,354 "," 42,139 "," 52,849 "," 48,478 "," 43,209 "," 46,476 "," 61,954 "," 64,679 "
November," 17,325 "," 19,170 "," 27,717 "," 27,290 "," 29,706 "," 39,253 "," 32,741 "," 32,392 "," 42,190 "," 52,515 "," 54,358 "
December," 16,560 "," 15,861 "," 27,204 "," 23,929 "," 25,665 "," 27,951 "," 25,563 "," 27,300 "," 42,059 "," 48,125 "," 43,776 "
January," 18,877 "," 19,194 "," 28,859 "," 28,486 "," 33,476 "," 39,130 "," 38,890 "," 38,258 "," 38,608 "," 54,899 "," 49,824 "
February," 27,225 "," 24,929 "," 48,788 "," 42,996 "," 32,077 "," 48,828 "," 47,501 "," 44,494 "," 53,932 "," 56,972 "," 58,932 "
March," 23,086 "," 22,296 "," 38,276 "," 40,197 "," 51,074 "," 50,337 "," 38,664 "," 45,483 "," 66,021 "," 58,278 "," 58,596 "
Financial Year Running Total," 303,428 "," 282,868 "," 429,866 "," 477,894 "," 483,113 "," 621,301 "," 584,974 "," 509,279 "," 616,075 "," 698,051 "," 746,747 "
,,,,,,,,,,,
IWM LONDON,2004/2005,2005/2006,2006/2007,2007/2008,2008/2009,2009/2010,2010/2011,2011/2012,2012/2013,2013/2014,2014/2015
April," 70,530 "," 84,140 "," 72,354 "," 70,193 "," 76,603 "," 81,726 "," 91,434 "," 68,171 "," 106,661 ", 272 , 139 
May," 58,580 "," 78,886 "," 54,931 "," 68,720 "," 76,823 "," 72,253 "," 80,038 "," 65,705 "," 78,356 ", 232 , 100 
June," 64,736 "," 61,496 "," 56,070 "," 58,047 "," 57,673 "," 60,935 "," 87,133 "," 81,873 "," 82,313 ", 179 , 76 
July," 65,119 "," 51,093 "," 64,369 "," 65,521 "," 68,198 "," 79,512 "," 115,403 "," 103,052 "," 82,056 "," 11,839 "," 102,185 "
August," 66,071 "," 48,046 "," 76,664 "," 70,433 "," 80,742 "," 91,698 "," 130,041 "," 110,908 "," 82,229 "," 104,016 "," 256,891 "
September," 48,592 "," 39,296 "," 49,312 "," 50,229 "," 54,364 "," 59,479 "," 86,581 "," 69,570 "," 70,360 "," 65,558 "," 138,813 "
October," 80,006 "," 63,431 "," 70,008 "," 75,468 "," 93,947 "," 101,566 "," 108,637 "," 89,667 "," 85,458 "," 70,819 "," 183,163 "
November," 56,455 "," 50,658 "," 54,581 "," 62,183 "," 73,897 "," 65,780 "," 81,407 "," 72,323 "," 66,263 "," 58,993 "," 134,756 "
December," 43,751 "," 42,096 "," 42,699 "," 42,354 "," 55,313 "," 46,256 "," 61,361 "," 58,477 "," 47,613 "," 46,190 "," 86,869 "
January," 51,090 "," 47,670 "," 50,234 "," 50,242 "," 66,366 "," 52,470 "," 78,911 "," 72,320 "," 2,284 "," 11,387 "," 92,588 "
February," 71,992 "," 63,908 "," 70,001 "," 70,390 "," 89,532 "," 96,009 "," 89,926 "," 92,982 ", 197 , 183 ," 95,186 "
March," 87,948 "," 59,809 "," 71,084 "," 75,791 "," 72,143 "," 78,844 "," 84,570 "," 91,276 ", 307 , 212 ," 99,427 "
Financial Year Running Total," 764,870 "," 690,529 "," 732,307 "," 759,571 "," 865,601 "," 886,528 "," 1,095,442 "," 976,324 "," 704,097 "," 369,880 "," 1,190,193 "
"IWM London redevelopment: the museum closed to the public on 1 January 2013, partially re-opening on 29 July 2013, and was closed from 6 January-19 July 2014.",,,,,,,,,,,
The Research Room remained open during the temporary closure periods.,,,,,,,,,,,
,,,,,,,,,,,
HMS BELFAST (IWM),2004/2005,2005/2006,2006/2007,2007/2008,2008/2009,2009/2010,2010/2011,2011/2012,2012/2013,2013/2014,2014/2015
April," 30,355 "," 24,555 "," 33,699 "," 29,666 "," 24,138 "," 32,308 "," 27,688 "," 29,313 ", - ," 35,340 "," 40,284 "
May," 26,034 "," 27,412 "," 25,246 "," 25,219 "," 25,710 "," 26,425 "," 23,431 "," 21,524 "," 8,990 "," 35,438 "," 33,840 "
June," 26,483 "," 26,253 "," 25,697 "," 22,151 "," 19,212 "," 22,128 "," 21,776 "," 23,826 "," 22,640 "," 27,056 "," 29,772 "
July," 28,530 "," 20,185 "," 27,350 "," 26,758 "," 26,315 "," 29,751 "," 27,114 "," 30,446 "," 21,963 "," 37,191 "," 39,412 "
August," 32,272 "," 20,110 "," 32,720 "," 31,526 "," 33,320 "," 36,487 "," 35,321 "," 37,240 "," 29,500 "," 48,852 "," 51,485 "
September," 15,851 "," 14,780 "," 18,524 "," 16,889 "," 14,325 "," 15,487 "," 13,907 "," 16,713 "," 17,296 "," 20,611 "," 21,547 "
October," 28,287 "," 23,680 "," 26,792 "," 23,544 "," 23,071 "," 25,429 "," 25,655 "," 27,569 "," 27,462 "," 31,779 "," 37,106 "
November," 14,718 "," 11,637 "," 16,206 "," 14,058 "," 12,087 "," 11,869 "," 12,094 "," 11,984 "," 17,924 "," 17,897 "," 20,587 "
December," 16,279 "," 12,428 "," 14,251 "," 13,871 "," 10,851 "," 11,033 "," 9,902 ", - ," 14,583 "," 15,782 "," 16,523 "
January," 12,008 "," 9,848 "," 10,415 "," 10,409 "," 10,345 "," 7,637 "," 9,565 ", - ," 11,575 "," 12,712 "," 12,087 "
February," 21,783 "," 19,465 "," 20,867 "," 20,039 "," 19,106 "," 16,989 "," 17,295 ", - ," 22,392 "," 21,665 "," 19,541 "
March," 25,907 "," 19,140 "," 21,603 "," 24,811 "," 20,055 "," 19,309 "," 17,704 ", - ," 28,429 "," 21,398 "," 21,027 "
Financial Year Running Total," 278,507 "," 229,493 "," 273,370 "," 258,941 "," 238,535 "," 254,852 "," 241,452 "," 198,615 "," 222,754 "," 325,721 "," 343,211 "
There were no visit figures collected for HMS Belfast between December 2011 and May 2012 due to it being closed between these times.,,,,,,,,,,,
,,,,,,,,,,,
CHURCHILL WAR ROOMS (IWM),2004/2005,2005/2006,2006/2007,2007/2008,2008/2009,2009/2010,2010/2011,2011/2012,2012/2013,2013/2014,2014/2015
April," 26,901 "," 32,463 "," 28,942 "," 29,550 "," 23,782 "," 27,996 "," 25,559 "," 32,173 "," 35,693 "," 42,313 "," 43,477 "
May," 29,425 "," 35,457 "," 28,286 "," 28,937 "," 27,448 "," 28,670 "," 30,060 "," 33,121 "," 30,110 "," 46,903 "," 46,021 "
June," 32,888 "," 33,256 "," 30,630 "," 31,674 "," 28,757 "," 31,256 "," 31,918 "," 38,315 "," 34,814 "," 51,919 "," 52,385 "
July," 33,188 "," 31,677 "," 34,410 "," 34,215 "," 32,910 "," 37,148 "," 38,008 "," 44,246 "," 29,041 "," 57,656 "," 57,968 "
August," 25,519 "," 23,594 "," 27,144 "," 27,714 "," 27,654 "," 33,087 "," 39,326 "," 42,536 "," 28,178 "," 53,175 "," 52,888 "
September," 22,152 "," 21,735 "," 23,353 "," 25,492 "," 21,733 "," 26,123 "," 28,666 "," 28,435 "," 31,119 "," 41,483 "," 40,292 "
October," 27,311 "," 25,756 "," 24,645 "," 25,217 "," 24,255 "," 29,238 "," 32,823 "," 31,606 "," 35,728 "," 41,352 "," 41,031 "
November," 19,658 "," 22,064 "," 20,468 "," 19,884 "," 18,709 "," 21,766 "," 22,480 "," 22,478 "," 27,633 "," 27,031 "," 28,665 "
December," 18,486 "," 17,051 "," 18,098 "," 17,834 "," 17,261 "," 19,029 "," 18,973 "," 23,348 "," 26,486 "," 25,864 "," 27,637 "
January," 15,247 "," 15,743 "," 15,983 "," 14,860 "," 15,574 "," 14,833 "," 16,795 "," 17,805 "," 20,388 "," 22,328 "," 24,319 "
February," 31,124 "," 21,048 "," 19,742 "," 20,814 "," 19,618 "," 19,213 "," 22,359 "," 21,530 "," 26,168 "," 26,146 "," 28,350 "
March," 40,156 "," 24,630 "," 27,203 "," 30,409 "," 24,657 "," 26,762 "," 29,171 "," 25,553 "," 40,792 "," 33,906 "," 37,673 "
Financial Year  Running Total," 322,055 "," 304,474 "," 298,904 "," 306,600 "," 282,358 "," 315,121 "," 336,138 "," 361,146 "," 366,150 "," 470,076 "," 480,706 "
,,,,,,,,,,,
IWM DUXFORD ,2004/2005,2005/2006,2006/2007,2007/2008,2008/2009,2009/2010,2010/2011,2011/2012,2012/2013,2013/2014,2014/2015
April," 34,062 "," 27,624 "," 33,943 "," 33,324 "," 23,622 "," 30,091 "," 29,915 "," 32,080 "," 30,907 "," 29,638 "," 32,447 "
May," 35,908 "," 60,646 "," 34,138 "," 43,783 "," 40,862 "," 41,220 "," 39,159 "," 33,994 "," 38,240 "," 46,427 "," 51,457 "
June," 65,702 "," 39,785 "," 39,451 "," 37,909 "," 31,093 "," 33,139 "," 31,631 "," 34,402 "," 47,153 "," 31,274 "," 31,704 "
July," 72,777 "," 82,918 "," 70,867 "," 75,863 "," 73,115 "," 63,965 "," 62,114 "," 65,503 "," 42,399 "," 62,968 "," 63,299 "
August," 54,248 "," 56,788 "," 51,304 "," 53,665 "," 46,515 "," 54,220 "," 50,159 "," 47,999 "," 46,864 "," 44,245 "," 45,136 "
September," 54,686 "," 61,053 "," 60,199 "," 64,508 "," 43,792 "," 51,053 "," 72,730 "," 54,376 "," 57,734 "," 47,905 "," 63,624 "
October," 40,298 "," 54,149 "," 45,435 "," 51,892 "," 34,135 "," 38,721 "," 42,164 "," 39,953 "," 34,942 "," 32,745 "," 31,042 "
November," 22,943 "," 17,387 "," 21,321 "," 24,857 "," 24,950 "," 18,169 "," 21,072 "," 21,247 "," 25,311 "," 22,365 "," 28,728 "
December," 10,114 "," 9,755 "," 11,645 "," 10,362 "," 9,783 "," 8,908 "," 6,439 "," 10,216 "," 9,353 "," 9,622 "," 10,565 "
January," 11,387 "," 9,773 "," 10,029 "," 11,325 "," 10,118 "," 8,466 "," 9,594 "," 9,689 "," 8,940 "," 7,815 "," 11,510 "
February," 17,839 "," 17,003 "," 18,408 "," 19,361 "," 16,461 "," 18,076 "," 20,362 "," 15,004 "," 20,021 "," 15,987 "," 19,657 "
March," 23,985 "," 19,216 "," 21,234 "," 24,028 "," 21,057 "," 17,337 "," 17,682 "," 17,727 "," 21,490 "," 20,664 "," 16,703 "
Financial Year Running Total," 443,949 "," 456,097 "," 417,974 "," 450,877 "," 375,503 "," 383,365 "," 403,021 "," 382,190 "," 383,354 "," 371,655 "," 405,872 "
"The D-Day Anniversary Airshow in May 2014 attracted 22,000 visitors and the Flying Legends Airshow in July 2014 attracted 28,000 visitors",,,,,,,,,,,
,,,,,,,,,,,
IWM NORTH,2004/2005,2005/2006,2006/2007,2007/2008,2008/2009,2009/2010,2010/2011,2011/2012,2012/2013,2013/2014,2014/2015
April," 25,044 "," 19,133 "," 25,243 "," 19,249 "," 15,633 "," 20,654 "," 25,546 "," 23,975 "," 36,665 "," 29,439 "," 41,103 "
May," 19,160 "," 21,199 "," 19,735 "," 20,384 "," 21,997 "," 19,345 "," 20,947 "," 25,788 "," 25,355 "," 27,918 "," 38,331 "
June," 20,653 "," 18,571 "," 15,324 "," 17,449 "," 18,372 "," 17,500 "," 18,376 "," 27,410 "," 27,393 "," 24,173 "," 30,771 "
July," 23,074 "," 19,990 "," 19,119 "," 22,699 "," 22,852 "," 23,214 "," 22,710 "," 34,329 "," 30,417 "," 27,763 "," 38,579 "
August," 27,188 "," 25,916 "," 31,199 "," 24,120 "," 31,746 "," 28,155 "," 30,654 "," 37,435 "," 38,036 "," 35,085 "," 56,833 "
September," 17,383 "," 15,342 "," 17,467 "," 14,241 "," 15,242 "," 16,438 "," 16,532 "," 28,837 "," 21,490 "," 22,784 "," 30,700 "
October," 25,624 "," 24,148 "," 23,194 "," 25,496 "," 26,080 "," 24,053 "," 26,454 "," 34,020 "," 28,832 "," 36,844 "," 40,958 "
November," 17,176 "," 15,992 "," 17,409 "," 15,673 "," 22,068 "," 17,992 "," 15,219 "," 23,452 "," 21,161 "," 26,527 "," 28,755 "
December," 12,023 "," 9,937 "," 11,612 "," 10,268 "," 12,100 "," 10,500 "," 9,665 "," 15,569 "," 15,054 "," 18,532 "," 15,737 "
January," 14,720 "," 14,733 "," 13,885 "," 14,038 "," 14,276 "," 10,957 "," 14,862 "," 20,594 "," 17,048 "," 23,033 "," 20,150 "
February," 21,195 "," 22,977 "," 20,960 "," 18,894 "," 24,666 "," 26,887 "," 23,339 "," 35,798 "," 26,886 "," 35,381 "," 28,966 "
March," 23,825 "," 17,979 "," 18,367 "," 20,831 "," 19,736 "," 23,703 "," 17,282 "," 27,728 "," 25,586 "," 31,112 "," 22,978 "
Financial Year Running Total," 247,065 "," 225,917 "," 233,514 "," 223,342 "," 244,768 "," 239,398 "," 241,586 "," 334,935 "," 313,923 "," 338,591 "," 393,861 "
,,,,,,,,,,,
NATIONAL GALLERY,2004/2005,2005/2006,2006/2007,2007/2008,2008/2009,2009/2010,2010/2011,2011/2012,2012/2013,2013/2014,2014/2015
April," 437,000 "," 455,000 "," 385,000 "," 387,000 "," 358,000 "," 443,000 "," 402,000 "," 399,000 "," 549,000 "," 531,000 "," 576,000 "
May," 391,000 "," 417,000 "," 344,000 "," 406,000 "," 341,000 "," 415,000 "," 379,000 "," 395,000 "," 440,000 "," 533,000 "," 575,000 "
June," 319,000 "," 276,000 "," 268,000 "," 303,000 "," 302,000 "," 346,000 "," 368,000 "," 425,000 "," 409,000 "," 489,000 "," 516,000 "
July," 460,000 "," 332,000 "," 411,000 "," 377,000 "," 454,000 "," 466,000 "," 519,000 "," 542,000 "," 415,000 "," 583,000 "," 581,000 "
August," 443,000 "," 268,000 "," 440,000 "," 382,000 "," 493,000 "," 481,000 "," 568,000 "," 517,000 "," 351,000 "," 568,000 "," 681,000 "
September," 325,000 "," 277,000 "," 284,000 "," 259,000 "," 296,000 "," 305,000 "," 345,000 "," 339,000 "," 373,000 "," 391,000 "," 381,000 "
October," 425,000 "," 299,000 "," 452,000 "," 282,000 "," 356,000 "," 334,000 "," 448,000 "," 402,000 "," 430,000 "," 476,000 "," 536,000 "
November," 448,000 "," 330,000 "," 505,000 "," 307,000 "," 344,000 "," 366,000 "," 402,000 "," 444,000 "," 415,000 "," 402,000 "," 505,000 "
December," 410,000 "," 297,000 "," 473,000 "," 285,000 "," 350,000 "," 387,000 "," 372,000 "," 508,000 "," 395,000 "," 459,000 "," 596,000 "
January," 402,000 "," 291,000 "," 435,000 "," 251,000 "," 340,000 "," 370,000 "," 422,000 "," 530,000 "," 413,000 "," 427,000 "," 536,000 "
February," 342,000 "," 316,000 "," 324,000 "," 286,000 "," 339,000 "," 371,000 "," 407,000 "," 414,000 "," 494,000 "," 493,000 "," 475,000 "
March," 507,000 "," 395,000 "," 414,000 "," 389,000 "," 466,000 "," 411,000 "," 453,000 "," 443,000 "," 692,000 "," 551,000 "," 576,000 "
Financial Year Running Total," 4,909,000 "," 3,953,000 "," 4,735,000 "," 3,914,000 "," 4,439,000 "," 4,695,000 "," 5,085,000 "," 5,358,000 "," 5,376,000 "," 5,903,000 "," 6,534,000 "
,,,,,,,,,,,
(NHM) SOUTH KENSINGTON,2004/2005,2005/2006,2006/2007,2007/2008,2008/2009,2009/2010,2010/2011,2011/2012,2012/2013,2013/2014,2014/2015
April," 325,140 "," 305,659 "," 414,776 "," 366,732 "," 368,596 "," 361,496 "," 461,112 "," 425,854 "," 542,419 "," 489,652 "," 519,565 "
May," 218,407 "," 260,955 "," 279,530 "," 285,995 "," 305,969 "," 292,977 "," 356,350 "," 339,748 "," 362,692 "," 454,598 "," 439,999 "
June," 236,144 "," 251,676 "," 230,240 "," 230,240 "," 238,789 "," 243,455 "," 340,149 "," 361,132 "," 383,091 "," 399,752 "," 415,608 "
July," 339,329 "," 264,990 "," 361,698 "," 351,772 "," 363,119 "," 345,827 "," 453,492 "," 459,189 "," 427,659 "," 522,705 "," 519,328 "
August," 427,512 "," 293,717 "," 361,648 "," 434,628 "," 477,171 "," 488,362 "," 573,466 "," 564,689 "," 520,083 "," 571,463 "," 575,900 "
September," 210,593 "," 189,039 "," 253,395 "," 224,596 "," 228,626 "," 308,386 "," 312,784 "," 352,458 "," 356,958 "," 377,766 "," 337,778 "
October," 317,890 "," 275,632 "," 337,240 "," 302,917 "," 298,421 "," 424,819 "," 436,478 "," 450,625 "," 455,651 "," 461,034 "," 442,361 "
November," 187,125 "," 227,636 "," 241,796 "," 236,360 "," 233,390 "," 343,806 "," 315,135 "," 335,872 "," 400,368 "," 386,122 "," 378,443 "
December," 182,573 "," 257,977 "," 261,557 "," 240,852 "," 240,558 "," 347,539 "," 293,763 "," 349,171 "," 378,919 "," 382,255 "," 359,543 "
January," 215,146 "," 255,297 "," 252,575 "," 243,505 "," 283,338 "," 325,006 "," 348,078 "," 371,681 "," 361,756 "," 417,706 "," 396,651 "
February," 270,586 "," 328,641 "," 330,561 "," 334,716 "," 330,406 "," 400,127 "," 408,868 "," 408,337 "," 463,745 "," 481,218 "," 437,719 "
March," 294,295 "," 289,426 "," 311,217 "," 365,640 "," 332,964 "," 378,323 "," 383,108 "," 404,791 "," 479,149 "," 473,715 "," 441,435 "
Financial Year Running Total," 3,224,740 "," 3,200,645 "," 3,636,233 "," 3,617,953 "," 3,701,347 "," 4,260,123 "," 4,682,783 "," 4,823,547 "," 5,132,490 "," 5,417,986 "," 5,264,330 "
,,,,,,,,,,,
(NHM) TRING,2004/2005,2005/2006,2006/2007,2007/2008,2008/2009,2009/2010,2010/2011,2011/2012,2012/2013,2013/2014,2014/2015
April," 9,423 "," 11,500 "," 13,083 "," 10,490 "," 12,748 "," 13,770 "," 12,720 "," 9,152 "," 20,873 "," 18,166 "," 16,057 "
May," 6,232 "," 6,026 "," 9,845 "," 16,145 "," 9,755 "," 9,079 "," 7,204 "," 8,227 "," 8,870 "," 12,425 "," 16,636 "
June," 5,827 "," 7,484 "," 5,037 "," 5,034 "," 5,455 "," 6,141 "," 5,966 "," 7,707 "," 14,124 "," 7,627 "," 7,589 "
July," 7,152 "," 9,370 "," 6,603 "," 10,877 "," 7,316 "," 11,965 "," 8,461 "," 8,353 "," 11,334 "," 9,178 "," 9,030 "
August," 17,176 "," 13,428 "," 20,543 "," 16,914 "," 16,907 "," 15,987 "," 19,068 "," 17,285 "," 18,125 "," 16,022 "," 21,631 "
September," 4,984 "," 4,896 "," 7,149 "," 5,696 "," 6,151 "," 5,253 "," 6,118 "," 6,878 "," 7,044 "," 8,034 "," 7,773 "
October," 10,256 "," 10,505 "," 12,834 "," 10,312 "," 9,750 "," 10,871 "," 11,713 "," 10,486 "," 9,516 "," 13,513 "," 12,732 "
November," 5,636 "," 5,971 "," 5,563 "," 5,891 "," 6,376 "," 7,132 "," 6,427 "," 7,226 "," 9,177 "," 9,356 "," 8,507 "
December," 4,998 "," 6,358 "," 6,591 "," 6,041 "," 5,420 "," 5,751 "," 5,688 "," 10,161 "," 9,207 "," 8,543 "," 7,895 "
January," 8,716 "," 10,447 "," 8,936 "," 11,115 "," 9,118 "," 7,551 "," 12,100 "," 12,812 "," 11,989 "," 16,139 "," 14,117 "
February," 13,558 "," 13,794 "," 13,143 "," 15,033 "," 14,338 "," 17,179 "," 23,696 "," 16,215 "," 21,930 "," 24,233 "," 20,471 "
March," 9,780 "," 8,293 "," 8,041 "," 13,419 "," 8,579 "," 7,765 "," 7,703 "," 8,932 "," 13,670 "," 10,317 "," 12,064 "
Financial Year Running Total," 103,738 "," 108,072 "," 117,368 "," 126,967 "," 111,913 "," 118,444 "," 126,864 "," 123,434 "," 155,859 "," 153,553 "," 154,502 "
,,,,,,,,,,,
ROYAL MUSEUMS GREENWICH ,2004/2005,2005/2006,2006/2007,2007/2008,2008/2009,2009/2010,2010/2011,2011/2012,2012/2013,2013/2014,2014/2015
April," 159,821 "," 122,806 "," 166,096 "," 189,520 "," 154,729 "," 222,058 "," 224,917 "," 169,121 "," 196,325 "," 241,926 "," 263,261 "
May," 148,925 "," 152,802 "," 142,350 "," 152,341 "," 219,292 "," 264,900 "," 247,369 "," 152,962 "," 211,140 "," 220,841 "," 207,777 "
June," 146,621 "," 136,695 "," 140,324 "," 139,657 "," 196,062 "," 217,987 "," 234,666 "," 149,098 "," 204,040 "," 215,888 "," 195,547 "
July," 204,320 "," 189,436 "," 212,171 "," 220,439 "," 253,136 "," 315,371 "," 340,032 "," 222,227 "," 110,550 "," 271,527 "," 274,210 "
August," 198,388 "," 196,001 "," 218,073 "," 231,700 "," 308,931 "," 379,699 "," 367,379 "," 225,874 "," 120,382 "," 309,642 "," 301,569 "
September," 111,112 "," 121,580 "," 127,715 "," 136,929 "," 154,027 "," 184,619 "," 191,569 "," 137,796 "," 140,835 "," 181,648 "," 186,856 "
October," 113,279 "," 148,604 "," 125,402 "," 136,794 "," 179,819 "," 186,399 "," 215,455 "," 175,369 "," 185,885 "," 183,695 "," 195,685 "
November," 71,910 "," 89,541 "," 88,846 "," 92,879 "," 104,292 "," 101,225 "," 109,557 "," 114,862 "," 149,572 "," 141,732 "," 127,062 "
December," 73,589 "," 68,277 "," 84,033 "," 84,815 "," 97,247 "," 94,937 "," 77,267 "," 96,284 "," 121,309 "," 129,794 "," 119,809 "
January," 76,891 "," 74,300 "," 85,067 "," 98,152 "," 110,971 "," 101,287 "," 119,804 "," 124,574 "," 132,126 "," 164,439 "," 140,492 "
February," 85,369 "," 86,406 "," 99,173 "," 128,389 "," 129,714 "," 129,970 "," 147,412 "," 136,214 "," 161,820 "," 189,714 "," 150,302 "
March," 127,753 "," 106,594 "," 126,425 "," 154,199 "," 160,024 "," 180,334 "," 157,736 "," 154,157 "," 195,215 "," 224,644 "," 168,281 "
Financial Year Running Total," 1,517,978 "," 1,493,042 "," 1,615,675 "," 1,765,814 "," 2,068,244 "," 2,378,786 "," 2,433,163 "," 1,858,538 "," 1,929,199 "," 2,475,490 "," 2,330,851 "
,,,,,,,,,,,
NATIONAL MUSEUMS LIVERPOOL,2004/2005,2005/2006,2006/2007,2007/2008,2008/2009,2009/2010,2010/2011,2011/2012,2012/2013,2013/2014,2014/2015
April," 134,962 "," 104,430 "," 168,491 "," 180,892 "," 198,561 "," 208,255 "," 205,680 "," 195,080 "," 402,249 "," 261,061 "," 243,679 "
May," 114,058 "," 147,284 "," 124,682 "," 198,877 "," 236,068 "," 190,732 "," 197,656 "," 196,765 "," 296,361 "," 269,430 "," 247,080 "
June," 152,568 "," 170,482 "," 136,559 "," 176,509 "," 238,634 "," 168,239 "," 204,408 "," 198,591 "," 303,098 "," 219,047 "," 208,786 "
July," 156,014 "," 173,873 "," 168,150 "," 208,610 "," 362,629 "," 232,770 "," 282,084 "," 391,545 "," 336,076 "," 257,056 "," 282,554 "
August," 217,766 "," 238,626 "," 248,223 "," 273,632 "," 377,971 "," 307,264 "," 349,799 "," 477,104 "," 414,763 "," 336,866 "," 343,603 "
September," 115,817 "," 117,167 "," 123,032 "," 185,698 "," 207,187 "," 160,801 "," 185,963 "," 271,924 "," 239,786 "," 179,816 "," 194,205 "
October," 154,486 "," 147,622 "," 162,793 "," 188,370 "," 263,673 "," 242,223 "," 285,621 "," 330,781 "," 280,311 "," 244,300 "," 253,732 "
November," 88,077 "," 86,210 "," 105,024 "," 116,619 "," 155,686 "," 141,604 "," 205,299 "," 178,413 "," 188,169 "," 171,780 "," 173,799 "
December," 64,161 "," 60,749 "," 60,034 "," 75,816 "," 107,108 "," 92,519 "," 111,218 "," 159,971 "," 143,881 "," 129,666 "," 125,156 "
January," 73,868 "," 74,267 "," 79,494 "," 127,443 "," 143,466 "," 100,999 "," 156,053 "," 202,268 "," 153,952 "," 154,237 "," 145,374 "
February," 128,157 "," 146,942 "," 176,804 "," 228,353 "," 220,804 "," 215,382 "," 243,367 "," 301,093 "," 284,212 "," 257,732 "," 236,462 "
March," 137,656 "," 140,480 "," 155,032 "," 229,572 "," 178,102 "," 212,193 "," 195,080 "," 281,460 "," 224,727 "," 229,194 "," 199,872 "
Financial Year Running Total," 1,537,590 "," 1,608,132 "," 1,708,318 "," 2,190,391 "," 2,689,889 "," 2,272,981 "," 2,622,228 "," 3,184,995 "," 3,267,585 "," 2,710,185 "," 2,654,302 "
,,,,,,,,,,,
NATIONAL COAL MINING MUSEUM FOR ENGLAND,2004/2005,2005/2006,2006/2007,2007/2008,2008/2009,2009/2010,2010/2011,2011/2012,2012/2013,2013/2014,2014/2015
April," 13,710 "," 10,518 "," 14,797 "," 13,509 "," 10,831 "," 14,372 "," 13,406 "," 10,027 "," 13,000 "," 13,600 "," 15,828 "
May," 9,812 "," 12,761 "," 11,513 "," 11,915 "," 10,210 "," 11,187 "," 9,136 "," 9,311 "," 7,000 "," 11,200 "," 12,939 "
June," 9,392 "," 10,837 "," 8,851 "," 9,579 "," 8,734 "," 10,629 "," 9,290 "," 8,607 "," 12,000 "," 10,900 "," 10,186 "
July," 10,946 "," 12,737 "," 12,743 "," 15,555 "," 12,877 "," 12,959 "," 10,595 "," 10,195 "," 12,000 "," 10,400 "," 9,902 "
August," 15,462 "," 18,217 "," 19,820 "," 19,309 "," 20,170 "," 17,887 "," 17,206 "," 16,778 "," 28,000 "," 20,605 "," 20,666 "
September," 6,748 "," 7,096 "," 8,871 "," 8,185 "," 6,299 "," 7,600 "," 7,471 "," 7,449 "," 7,000 "," 6,928 "," 6,529 "
October," 11,798 "," 12,226 "," 12,722 "," 11,398 "," 10,643 "," 10,865 "," 10,985 "," 9,129 "," 9,000 "," 9,656 "," 9,265 "
November," 6,235 "," 7,448 "," 8,064 "," 8,550 "," 7,749 "," 6,447 "," 6,710 "," 6,698 "," 7,000 "," 7,170 "," 6,343 "
December," 5,869 "," 4,758 "," 6,872 "," 6,872 "," 5,823 "," 4,865 "," 4,208 "," 4,574 "," 6,000 "," 6,873 "," 5,084 "
January," 4,432 "," 4,579 "," 5,539 "," 5,023 "," 4,841 "," 3,246 "," 3,675 "," 3,807 "," 3,000 "," 5,526 "," 3,884 "
February," 8,788 "," 10,450 "," 9,738 "," 10,739 "," 8,516 "," 9,272 "," 8,036 "," 7,218 "," 8,000 "," 13,631 "," 9,475 "
March," 13,361 "," 8,000 "," 9,430 "," 15,065 "," 9,493 "," 9,088 "," 6,864 "," 7,610 "," 7,800 "," 8,828 "," 9,622 "
Financial Year Running Total," 116,553 "," 119,627 "," 128,960 "," 135,699 "," 116,186 "," 118,417 "," 107,582 "," 101,403 "," 119,800 "," 125,317 "," 119,723 "
,,,,,,,,,,,
SCIENCE MUSEUM GROUP SOUTH KENSINGTON ,2004/2005,2005/2006,2006/2007,2007/2008,2008/2009,2009/2010,2010/2011,2011/2012,2012/2013,2013/2014,2014/2015
April," 170,167 "," 188,948 "," 267,401 "," 234,924 "," 250,624 "," 272,528 "," 247,949 "," 241,791 "," 320,000 "," 311,000 "," 330,000 "
May," 145,864 "," 178,130 "," 201,737 "," 242,059 "," 217,333 "," 224,095 "," 207,812 "," 180,663 "," 210,000 "," 264,000 "," 285,000 "
June," 173,425 "," 180,159 "," 165,173 "," 208,227 "," 178,095 "," 201,467 "," 196,392 "," 209,073 "," 244,000 "," 237,000 "," 238,000 "
July," 237,277 "," 179,873 "," 229,186 "," 270,633 "," 271,187 "," 306,352 "," 289,761 "," 339,460 "," 286,000 "," 314,000 "," 328,000 "
August," 267,589 "," 169,551 "," 283,324 "," 312,771 "," 324,734 "," 323,042 "," 350,998 "," 375,411 "," 320,000 "," 371,000 "," 401,000 "
September," 121,510 "," 111,200 "," 144,097 "," 138,294 "," 149,321 "," 159,946 "," 169,369 "," 175,265 "," 187,000 "," 194,000 "," 189,000 "
October," 210,030 "," 186,793 "," 262,551 "," 220,800 "," 230,172 "," 246,054 "," 264,415 "," 265,915 "," 268,000 "," 318,000 "," 296,000 "
November," 141,702 "," 144,189 "," 159,121 "," 162,420 "," 179,175 "," 175,796 "," 179,836 "," 188,539 "," 230,000 "," 255,000 "," 233,000 "
December," 147,197 "," 143,633 "," 192,526 "," 203,438 "," 173,067 "," 182,871 "," 167,676 "," 220,408 "," 200,000 "," 233,000 "," 211,000 "
January," 150,350 "," 148,599 "," 192,576 "," 189,240 "," 188,459 "," 189,433 "," 199,276 "," 211,011 "," 219,000 "," 260,000 "," 241,000 "
February," 189,016 "," 199,613 "," 283,710 "," 266,412 "," 262,457 "," 256,259 "," 272,985 "," 286,988 "," 302,000 "," 324,000 "," 321,000 "
March," 198,098 "," 189,243 "," 223,210 "," 262,462 "," 222,863 "," 238,017 "," 220,525 "," 227,161 "," 299,000 "," 262,000 "," 276,000 "
Financial Year Running Total," 2,152,225 "," 2,019,931 "," 2,604,612 "," 2,711,680 "," 2,647,487 "," 2,775,860 "," 2,766,994 "," 2,921,685 "," 3,085,000 "," 3,343,000 "," 3,349,000 "
,,,,,,,,,,,
SCIENCE MUSEUM GROUP NATIONAL MEDIA MUSEUM,2004/2005,2005/2006,2006/2007,2007/2008,2008/2009,2009/2010,2010/2011,2011/2012,2012/2013,2013/2014,2014/2015
April," 55,337 "," 46,336 "," 56,619 "," 44,108 "," 57,610 "," 57,205 "," 51,618 "," 34,910 "," 49,000 "," 44,000 "," 41,000 "
May," 43,371 "," 43,021 "," 51,718 "," 54,781 "," 54,629 "," 59,486 "," 34,481 "," 38,223 "," 32,000 "," 41,000 "," 35,000 "
June," 42,189 "," 48,413 "," 41,333 "," 52,288 "," 45,785 "," 40,128 "," 32,874 "," 34,153 "," 42,000 "," 42,000 "," 29,000 "
July," 62,513 "," 52,969 "," 53,077 "," 69,922 "," 62,899 "," 59,631 "," 54,098 "," 49,888 "," 51,000 "," 37,000 "," 41,000 "
August," 68,717 "," 60,720 "," 77,285 "," 72,779 "," 91,451 "," 52,963 "," 49,883 "," 52,926 "," 62,000 "," 47,000 "," 43,000 "
September," 47,199 "," 40,702 "," 45,239 "," 47,845 "," 44,711 "," 36,402 "," 30,857 "," 34,786 "," 32,000 "," 27,000 "," 22,000 "
October," 65,258 "," 61,797 "," 64,638 "," 67,901 "," 69,337 "," 47,306 "," 44,382 "," 44,188 "," 38,000 "," 43,000 "," 45,000 "
November," 57,009 "," 49,996 "," 53,777 "," 65,563 "," 41,252 "," 47,628 "," 38,403 "," 33,746 "," 36,000 "," 47,000 "," 40,000 "
December," 51,329 "," 42,716 "," 50,997 "," 58,213 "," 47,305 "," 45,314 "," 32,595 "," 31,181 "," 32,000 "," 32,000 "," 24,000 "
January," 44,656 "," 42,133 "," 49,245 "," 57,224 "," 44,520 "," 36,612 "," 37,990 "," 33,640 "," 28,000 "," 36,000 "," 24,000 "
February," 54,421 "," 64,793 "," 68,002 "," 64,235 "," 63,663 "," 56,222 "," 46,793 "," 59,621 "," 57,000 "," 47,000 "," 45,000 "
March," 66,992 "," 61,835 "," 65,099 "," 82,998 "," 49,789 "," 67,940 "," 43,548 "," 36,756 "," 34,000 "," 37,000 "," 33,000 "
Financial Year Running Total," 658,991 "," 615,431 "," 677,029 "," 737,857 "," 672,951 "," 606,837 "," 497,522 "," 484,018 "," 493,000 "," 480,000 "," 422,000 "
,,,,,,,,,,,
SCIENCE MUSEUM GROUP NATIONAL RAILWAY MUSEUM,2004/2005,2005/2006,2006/2007,2007/2008,2008/2009,2009/2010,2010/2011,2011/2012,2012/2013,2013/2014,2014/2015
April," 87,717 "," 56,886 "," 134,314 "," 77,085 "," 68,101 "," 77,569 "," 72,529 "," 65,343 "," 71,000 "," 73,000 "," 77,000 "
May," 66,105 "," 56,009 "," 76,090 "," 71,710 "," 73,317 "," 67,659 "," 51,621 "," 63,168 "," 42,000 "," 65,000 "," 67,000 "
June," 93,662 "," 57,568 "," 59,921 "," 58,060 "," 49,178 "," 52,927 "," 50,970 "," 54,433 "," 97,000 "," 56,000 "," 49,000 "
July," 84,170 "," 73,403 "," 74,697 "," 84,263 "," 71,360 "," 88,315 "," 61,522 "," 66,689 "," 71,000 "," 190,000 "," 65,000 "
August," 140,019 "," 123,590 "," 153,644 "," 128,698 "," 123,924 "," 128,637 "," 98,051 "," 127,040 "," 101,000 "," 114,000 "," 110,000 "
September," 57,552 "," 54,964 "," 62,275 "," 56,682 "," 55,694 "," 59,924 "," 42,450 "," 58,047 "," 46,000 "," 57,000 "," 51,000 "
October," 82,422 "," 77,559 "," 83,204 "," 76,725 "," 77,154 "," 73,350 "," 64,535 "," 75,175 "," 61,000 "," 104,000 "," 72,000 "
November," 42,453 "," 41,252 "," 46,322 "," 43,582 "," 65,220 ", - ," 30,902 "," 31,574 "," 45,000 "," 78,000 "," 39,000 "
December," 32,703 "," 29,611 "," 38,052 "," 41,417 "," 34,453 "," 30,766 "," 18,360 "," 30,597 "," 37,000 "," 38,000 "," 36,000 "
January," 33,264 "," 33,566 "," 32,751 "," 37,136 "," 42,311 "," 25,459 "," 23,203 "," 28,677 "," 29,000 "," 35,000 "," 35,000 "
February," 94,143 "," 94,920 "," 90,776 "," 91,803 "," 72,217 "," 58,480 "," 74,344 "," 76,548 "," 67,000 "," 64,000 "," 74,000 "
March," 71,196 "," 45,144 "," 49,058 "," 56,945 "," 49,501 "," 46,080 "," 41,909 "," 39,983 "," 60,000 "," 49,000 "," 52,000 "
Financial Year Running Total," 885,406 "," 744,472 "," 901,104 "," 824,106 "," 782,430 "," 709,166 "," 630,396 "," 717,274 "," 727,000 "," 923,000 "," 727,000 "
Visit numbers increased in July 2013 due to a visit by HRH Prince Charles and Mallard 75 events. Visit numbers increased in October-November 2013 due to further Mallard 75 events.,,,,,,,,,,,
,,,,,,,,,,,
SCIENCE MUSEUM GROUP  LOCOMOTION AT SHILDON,2004/2005,2005/2006,2006/2007,2007/2008,2008/2009,2009/2010,2010/2011,2011/2012,2012/2013,2013/2014,2014/2015
April, - ," 12,586 "," 23,727 "," 15,417 "," 14,608 "," 17,989 "," 27,641 "," 17,152 "," 14,000 "," 17,000 "," 21,000 "
May, - ," 16,426 "," 12,223 "," 15,064 "," 16,169 "," 17,064 "," 31,908 "," 32,179 "," 12,000 "," 19,000 "," 16,000 "
June, - ," 14,353 "," 8,713 "," 9,901 "," 8,841 "," 11,132 "," 17,335 "," 31,733 "," 21,000 "," 14,000 "," 12,000 "
July, - ," 13,966 "," 13,181 "," 14,485 "," 13,854 "," 16,115 "," 23,355 "," 21,382 "," 18,000 "," 19,000 "," 15,000 "
August, - ," 21,546 "," 24,681 "," 23,371 "," 24,469 "," 27,623 "," 28,033 "," 27,518 "," 29,000 "," 27,000 "," 22,000 "
September," 8,455 "," 11,477 "," 15,764 "," 16,337 "," 14,311 "," 18,132 "," 15,042 "," 20,982 "," 18,000 "," 17,000 "," 14,000 "
October," 45,263 "," 14,852 "," 9,074 "," 14,460 "," 11,296 "," 12,350 "," 11,298 "," 21,820 "," 29,000 "," 17,000 "," 16,000 "
November," 15,670 "," 4,763 "," 5,353 "," 3,433 "," 5,154 "," 6,216 "," 6,384 "," 5,944 "," 13,000 "," 8,000 "," 9,000 "
December," 6,336 "," 7,923 "," 7,767 "," 9,730 "," 6,763 "," 7,226 "," 6,631 "," 7,902 "," 15,000 "," 11,000 "," 11,000 "
January," 7,857 "," 6,474 "," 4,483 "," 3,889 "," 4,353 "," 2,754 "," 6,030 "," 5,667 "," 5,000 "," 7,000 "," 7,000 "
February," 10,607 "," 9,408 "," 9,328 "," 9,685 "," 9,383 "," 13,904 "," 12,608 "," 9,053 "," 13,000 "," 128,000 "," 14,000 "
March," 18,422 "," 7,351 "," 4,770 "," 13,505 "," 9,452 "," 9,821 "," 12,432 "," 8,777 "," 15,000 "," 11,000 "," 11,000 "
Financial Year Running Total," 112,610 "," 141,125 "," 139,064 "," 149,277 "," 138,653 "," 160,326 "," 198,697 "," 210,109 "," 202,000 "," 295,000 "," 168,000 "
Visit numbers increased in February 2014 due to Mallard 75 events. ,,,,,,,,,,,
,,,,,,,,,,,
"SCIENCE MUSEUM GROUP MUSEUM OF SCIENCE AND INDUSTRY, MANCHESTER",2004/2005,2005/2006,2006/2007,2007/2008,2008/2009,2009/2010,2010/2011,2011/2012,2012/2013,2013/2014,2014/2015
April, - , - , - , - , - , - , - , - ," 81,000 "," 64,000 "," 65,000 "
May, - , - , - , - , - , - , - , - ," 44,000 "," 52,000 "," 60,000 "
June, - , - , - , - , - , - , - , - ," 57,000 "," 51,000 "," 46,000 "
July, - , - , - , - , - , - , - , - ," 68,000 "," 63,000 "," 68,000 "
August, - , - , - , - , - , - , - , - ," 93,000 "," 97,000 "," 101,000 "
September, - , - , - , - , - , - , - , - ," 40,000 "," 47,000 "," 46,000 "
October, - , - , - , - , - , - , - , - ," 48,000 "," 65,000 "," 62,000 "
November, - , - , - , - , - , - , - , - ," 36,000 "," 41,000 "," 41,000 "
December, - , - , - , - , - , - , - , - ," 29,000 "," 32,000 "," 33,000 "
January, - , - , - , - , - , - , - , - ," 31,000 "," 36,000 "," 40,000 "
February, - , - , - , - , - , - , - , - ," 60,000 "," 69,000 "," 65,000 "
March, - , - , - , - , - , - , - , - ," 56,000 "," 51,000 "," 52,000 "
Financial Year Running Total, - , - , - , - , - , - , - , - ," 643,000 "," 668,000 "," 679,000 "
As of 2012-13 the Museum of Science and Industry in Manchester became part of the Science Museum Group,,,,,,,,,,,
,,,,,,,,,,,
SCIENCE MUSEUM GROUP SWINDON (WROUGHTON),2004/2005,2005/2006,2006/2007,2007/2008,2008/2009,2009/2010,2010/2011,2011/2012,2012/2013,2013/2014,2014/2015
April," 1,247 "," 2,183 "," 1,984 ", 433 , 100 , - , 54 , - , - , - , - 
May," 3,085 "," 9,378 "," 5,590 "," 3,144 ", 120 , - , 40 , - , - , - , - 
June," 6,732 "," 3,722 "," 2,789 "," 1,188 ", 71 , - , 232 , - , - , - , - 
July," 1,391 "," 9,593 "," 10,648 "," 1,421 ", 387 , - , 43 , - , - , - , - 
August," 3,853 "," 7,662 "," 13,100 "," 37,500 "," 152,383 ", - , 53 , - , - , - , - 
September," 8,432 "," 1,214 "," 7,574 "," 4,146 ", 100 ," 17,000 ", 278 , - , - , - , - 
October," 1,886 ", 687 , 343 , 100 , 59 ," 2,000 ", 117 , - , - , - , - 
November," 1,399 "," 1,496 ", 118 , 60 , 100 , - , 59 , - , - , - , - 
December, 512 ," 10,247 "," 2,947 "," 1,300 ", 100 , - , 8 , - , - , - , - 
January, 225 , 212 ," 3,514 ", 210 , 100 , - , - , - , - , - , - 
February, 291 , 135 , 446 , - , 100 , - , - , - , - , - , - 
March," 2,305 "," 1,009 ", 276 , 173 , 50 , - , - , - , - , - , - 
Financial Year Running Total," 31,358 "," 47,538 "," 49,329 "," 49,675 "," 153,670 "," 19,000 ", 884 , - , - , - , - 
Science Museum Group Swindon (Wroughton) is a storage facility and is only open by appointment,,,,,,,,,,,
,,,,,,,,,,,
NATIONAL PORTRAIT GALLERY,2004/2005,2005/2006,2006/2007,2007/2008,2008/2009,2009/2010,2010/2011,2011/2012,2012/2013,2013/2014,2014/2015
April," 133,680 "," 125,340 "," 124,000 "," 112,839 "," 160,389 "," 144,016 "," 142,544 "," 112,378 "," 215,490 "," 164,502 "," 167,964 "
May," 141,152 "," 129,486 "," 119,000 "," 132,335 "," 145,644 "," 144,249 "," 140,985 "," 116,800 "," 215,146 "," 167,044 "," 171,413 "
June," 98,638 "," 106,701 "," 100,000 "," 115,701 "," 113,294 "," 135,193 "," 121,817 "," 146,131 "," 147,132 "," 147,485 "," 129,194 "
July," 128,983 "," 126,975 "," 130,000 "," 139,595 "," 146,056 "," 191,451 "," 176,537 "," 213,201 "," 154,740 "," 159,569 "," 182,508 "
August," 126,555 "," 121,926 "," 153,530 "," 150,499 "," 155,925 "," 184,431 "," 196,613 "," 217,080 "," 165,005 "," 189,624 "," 200,829 "
September," 101,873 "," 129,882 "," 110,000 "," 108,060 "," 126,449 "," 154,613 "," 141,863 "," 155,460 "," 145,460 "," 160,013 "," 150,941 "
October," 122,797 "," 157,600 "," 157,000 "," 133,057 "," 166,301 "," 183,169 "," 145,058 "," 167,754 "," 157,716 "," 161,025 "," 175,449 "
November," 107,820 "," 123,446 "," 170,000 "," 135,824 "," 183,636 "," 180,051 "," 132,558 "," 151,383 "," 151,076 "," 149,798 "," 183,245 "
December," 101,770 "," 112,803 "," 143,994 "," 121,932 "," 144,823 "," 158,484 "," 112,694 "," 146,119 "," 128,875 "," 142,189 "," 153,759 "
January," 119,500 "," 141,127 "," 169,205 "," 136,375 "," 189,475 "," 173,142 "," 148,944 "," 159,673 "," 168,533 "," 156,052 "," 179,716 "
February," 150,051 "," 120,144 "," 140,590 "," 163,280 "," 135,296 "," 166,534 "," 158,784 "," 230,033 "," 198,401 "," 198,377 "," 200,369 "
March," 136,056 "," 133,198 "," 148,130 "," 196,183 "," 161,867 "," 169,131 "," 140,125 "," 226,212 "," 206,453 "," 192,771 "," 186,246 "
Financial Year Running Total," 1,468,875 "," 1,528,628 "," 1,665,449 "," 1,645,680 "," 1,829,155 "," 1,984,464 "," 1,758,522 "," 2,042,224 "," 2,054,027 "," 1,981,924 "," 1,895,387 "
,,,,,,,,,,,
(RA) LEEDS,2004/2005,2005/2006,2006/2007,2007/2008,2008/2009,2009/2010,2010/2011,2011/2012,2012/2013,2013/2014,2014/2015
April," 44,030 "," 21,451 "," 33,384 "," 22,692 "," 18,465 "," 29,990 "," 32,790 "," 18,649 "," 23,280 "," 22,793 "," 21,780 "
May," 17,704 "," 13,301 "," 15,164 "," 13,953 "," 11,805 "," 17,698 "," 19,930 "," 12,410 "," 11,732 "," 17,278 "," 14,705 "
June," 28,473 "," 27,674 "," 17,135 "," 24,271 "," 21,659 "," 25,551 "," 29,097 "," 19,254 "," 24,546 "," 20,358 "," 24,450 "
July," 25,101 "," 21,606 "," 15,974 "," 30,018 "," 21,319 "," 22,124 "," 26,955 "," 18,127 "," 21,229 "," 16,315 "," 19,263 "
August," 39,851 "," 39,942 "," 31,970 "," 52,161 "," 44,505 "," 35,114 "," 33,891 "," 29,975 "," 28,941 "," 26,267 "," 44,437 "
September," 22,224 "," 22,339 "," 18,716 "," 26,346 "," 28,021 "," 29,058 "," 21,640 "," 20,360 "," 21,230 "," 17,360 "," 13,368 "
October," 24,919 "," 25,189 "," 23,087 "," 20,640 "," 22,159 "," 16,716 "," 24,112 "," 19,876 "," 12,553 "," 15,852 "," 13,783 "
November," 13,320 "," 12,003 "," 11,038 "," 13,736 "," 27,714 "," 24,081 "," 16,124 "," 14,676 "," 17,774 "," 16,989 "," 21,039 "
December," 14,019 "," 10,255 "," 10,103 "," 6,392 "," 9,408 "," 11,263 "," 12,233 "," 13,805 "," 13,472 "," 12,971 "," 9,907 "
January," 13,433 "," 10,645 "," 10,613 "," 11,965 "," 14,624 "," 10,950 "," 13,390 "," 12,398 "," 10,691 "," 13,948 "," 12,591 "
February," 26,067 "," 25,146 "," 22,457 "," 18,801 "," 25,287 "," 25,525 "," 23,457 "," 19,678 "," 21,772 "," 21,219 "," 19,540 "
March," 32,668 "," 14,918 "," 15,776 "," 26,649 "," 20,007 "," 21,521 "," 20,205 "," 15,927 "," 20,188 "," 19,737 "," 18,183 "
Financial Year Running Total," 301,809 "," 244,469 "," 225,417 "," 267,624 "," 264,973 "," 269,591 "," 273,824 "," 215,135 "," 227,408 "," 221,087 "," 233,046 "
,,,,,,,,,,,
(RA) FORT NELSON ,2004/2005,2005/2006,2006/2007,2007/2008,2008/2009,2009/2010,2010/2011,2011/2012,2012/2013,2013/2014,2014/2015
April," 10,515 "," 8,751 "," 12,262 "," 12,647 "," 8,670 "," 10,120 "," 11,158 "," 2,471 "," 8,875 "," 8,011 "," 10,854 "
May," 5,098 "," 8,472 "," 5,675 "," 5,373 "," 5,529 "," 6,193 "," 4,938 "," 2,970 "," 4,543 "," 4,719 "," 6,722 "
June," 7,697 "," 9,464 "," 7,389 "," 7,083 "," 7,742 "," 7,721 "," 7,246 "," 5,262 "," 7,995 "," 7,811 "," 8,751 "
July," 8,258 "," 9,957 "," 6,446 "," 6,730 "," 5,837 "," 5,454 "," 7,177 "," 4,193 "," 5,626 "," 5,831 "," 6,954 "
August," 12,929 "," 14,893 "," 13,488 "," 15,061 "," 13,672 "," 15,058 "," 13,530 "," 18,452 "," 10,723 "," 14,022 "," 19,775 "
September," 10,617 "," 9,073 "," 8,982 "," 9,416 "," 8,000 "," 8,950 "," 6,916 "," 9,966 "," 8,718 "," 10,263 "," 6,155 "
October," 6,311 "," 7,542 "," 5,890 "," 6,808 "," 3,183 "," 3,553 "," 5,550 "," 6,750 "," 4,623 "," 6,291 "," 5,576 "
November," 3,367 "," 3,875 "," 3,586 "," 3,786 "," 6,131 "," 5,242 "," 2,101 "," 3,619 "," 5,281 "," 8,129 "," 8,987 "
December," 3,896 "," 3,243 "," 3,093 "," 2,545 "," 2,248 "," 1,963 "," 1,935 "," 3,181 "," 2,678 "," 3,358 "," 2,830 "
January," 2,402 "," 2,227 "," 1,802 "," 2,907 "," 2,990 "," 1,839 "," 1,880 "," 3,062 "," 3,156 "," 4,391 "," 4,829 "
February," 3,880 "," 4,164 "," 4,165 "," 5,589 "," 4,966 "," 4,393 "," 4,489 "," 5,114 "," 4,878 "," 6,597 "," 7,622 "
March," 7,372 "," 2,829 "," 3,450 "," 5,985 "," 4,505 "," 3,757 "," 2,838 "," 3,894 "," 3,708 "," 6,580 "," 7,629 "
Financial Year Running Total," 82,342 "," 84,490 "," 76,228 "," 83,930 "," 73,473 "," 74,243 "," 69,758 "," 68,934 "," 70,804 "," 86,003 "," 96,684 "
,,,,,,,,,,,
(RA) WHITE TOWER (BASED AT THE TOWER OF LONDON) ,2004/2005,2005/2006,2006/2007,2007/2008,2008/2009,2009/2010,2010/2011,2011/2012,2012/2013,2013/2014,2014/2015
April, - , - , - , - , - , - , - , - ," 150,098 "," 139,830 "," 152,451 "
May, - , - , - , - , - , - , - , - ," 136,196 "," 171,692 "," 146,370 "
June, - , - , - , - , - , - , - , - ," 174,847 "," 198,680 "," 203,276 "
July, - , - , - , - , - , - , - , - ," 137,708 "," 172,715 "," 176,855 "
August, - , - , - , - , - , - , - , - ," 132,121 "," 181,422 "," 224,310 "
September, - , - , - , - , - , - , - , - ," 152,108 "," 159,954 "," 135,368 "
October, - , - , - , - , - , - , - , - ," 133,052 "," 129,089 "," 144,139 "
November, - , - , - , - , - , - , - , - ," 95,002 "," 91,237 "," 125,628 "
December, - , - , - , - , - , - , - , - ," 89,559 "," 94,253 "," 71,694 "
January, - , - , - , - , - , - , - , - ," 71,167 "," 66,382 "," 79,848 "
February, - , - , - , - , - , - , - , - ," 91,102 "," 83,293 "," 90,104 "
March, - , - , - , - , - , - , - , - ," 149,611 "," 145,896 "," 145,361 "
Financial Year Running Total, - , - , - , - , - , - , - , - ," 1,512,571 "," 1,634,443 "," 1,695,404 "
Figures have been collected from 2012-13 when a clicker counter was installed at the entrance.,,,,,,,,,,,
,,,,,,,,,,,
SIR JOHN SOANE'S MUSEUM,2004/2005,2005/2006,2006/2007,2007/2008,2008/2009,2009/2010,2010/2011,2011/2012,2012/2013,2013/2014,2014/2015
April," 7,144 "," 7,593 "," 7,802 "," 6,934 "," 8,545 "," 9,413 "," 11,049 "," 9,032 "," 8,591 "," 10,658 "," 10,156 "
May," 6,373 "," 7,413 "," 8,227 "," 7,816 "," 8,475 "," 9,348 "," 9,225 "," 8,431 "," 8,379 "," 11,670 "," 10,935 "
June," 6,331 "," 6,937 "," 7,458 "," 7,433 "," 6,930 "," 8,427 "," 8,287 "," 9,199 "," 8,306 "," 9,636 "," 9,717 "
July," 8,080 "," 6,222 "," 7,380 "," 7,640 "," 9,148 "," 10,187 "," 9,831 "," 10,151 "," 8,388 "," 10,466 "," 10,697 "
August," 7,444 "," 6,753 "," 9,175 "," 8,833 "," 9,299 "," 9,949 "," 10,714 "," 10,231 "," 8,759 "," 11,966 "," 11,670 "
September," 6,914 "," 6,085 "," 7,686 "," 7,224 "," 7,664 "," 8,322 "," 9,014 "," 8,857 "," 8,611 "," 9,689 "," 9,273 "
October," 8,155 "," 6,565 "," 7,133 "," 8,305 "," 10,176 "," 10,622 "," 10,331 "," 9,438 "," 11,001 "," 10,932 "," 11,358 "
November," 7,080 "," 6,276 "," 7,372 "," 8,359 "," 8,024 "," 7,841 "," 8,657 "," 9,136 "," 9,840 "," 10,179 "," 9,700 "
December," 6,367 "," 5,537 "," 6,219 "," 6,043 "," 6,874 "," 6,992 "," 6,708 "," 8,277 "," 7,361 "," 7,099 "," 6,944 "
January," 6,306 "," 6,402 "," 7,446 "," 8,140 "," 7,979 "," 7,391 "," 7,423 "," 8,286 "," 9,371 "," 9,636 "," 9,446 "
February," 7,212 "," 7,683 "," 7,281 "," 8,287 "," 8,569 "," 8,569 "," 9,429 "," 8,991 "," 9,782 "," 8,953 "," 9,420 "
March," 7,595 "," 8,068 "," 8,604 "," 8,413 "," 9,093 "," 11,534 "," 10,719 "," 9,498 "," 10,629 "," 10,357 "," 10,055 "
Financial Year Running Total," 85,001 "," 81,534 "," 91,783 "," 93,427 "," 100,776 "," 108,595 "," 111,387 "," 109,527 "," 109,018 "," 121,241 "," 119,371 "
,,,,,,,,,,,
TATE BRITAIN ,2004/2005,2005/2006,2006/2007,2007/2008,2008/2009,2009/2010,2010/2011,2011/2012,2012/2013,2013/2014,2014/2015
April," 82,215 "," 247,591 "," 124,153 "," 152,384 "," 138,119 "," 125,360 "," 139,862 "," 125,540 "," 148,871 "," 92,416 "," 97,022 "
May," 63,315 "," 179,741 "," 85,218 "," 108,264 "," 96,816 "," 104,559 "," 139,404 "," 112,751 "," 125,526 "," 100,981 "," 86,268 "
June," 68,627 "," 74,463 "," 123,950 "," 115,782 "," 95,746 "," 103,951 "," 125,357 "," 118,429 "," 122,866 "," 106,932 "," 91,233 "
July," 94,343 "," 86,742 "," 130,378 "," 117,993 "," 112,746 "," 119,559 "," 155,331 "," 139,113 "," 106,901 "," 152,988 "," 98,553 "
August," 108,577 "," 83,305 "," 153,279 "," 129,129 "," 118,294 "," 103,531 "," 158,909 "," 142,615 "," 81,997 "," 163,845 "," 116,933 "
September," 72,756 "," 78,505 "," 85,238 "," 87,065 "," 136,605 "," 101,568 "," 111,759 "," 99,802 "," 118,327 "," 137,612 "," 117,077 "
October," 116,482 "," 171,689 "," 170,075 "," 154,457 "," 199,997 "," 178,530 "," 153,689 "," 121,362 "," 164,064 "," 148,505 "," 165,984 "
November," 114,781 "," 170,853 "," 176,751 "," 144,865 "," 172,007 "," 154,266 "," 122,231 "," 100,622 "," 144,861 "," 103,923 "," 151,838 "
December," 84,652 "," 129,524 "," 147,371 "," 114,046 "," 138,717 "," 128,819 "," 87,583 "," 90,994 "," 106,191 "," 93,850 "," 115,036 "
January," 70,043 "," 140,825 "," 130,737 "," 127,872 "," 118,376 "," 159,282 "," 94,157 "," 102,675 "," 107,297 "," 99,825 "," 150,835 "
February," 198,868 "," 119,974 "," 158,744 "," 134,969 "," 122,786 "," 147,951 "," 147,903 "," 145,525 "," 77,074 "," 112,826 "," 85,319 "
March," 241,796 "," 140,147 "," 179,811 "," 146,421 "," 137,446 "," 149,463 "," 169,960 "," 166,384 "," 92,849 "," 105,283 "," 97,391 "
Financial Year Running Total," 1,316,455 "," 1,623,359 "," 1,665,705 "," 1,533,247 "," 1,587,655 "," 1,576,839 "," 1,606,145 "," 1,465,812 "," 1,396,824 "," 1,418,986 "," 1,373,489 "
,,,,,,,,,,,
TATE MODERN  ,2004/2005,2005/2006,2006/2007,2007/2008,2008/2009,2009/2010,2010/2011,2011/2012,2012/2013,2013/2014,2014/2015
April," 304,991 "," 301,947 "," 390,294 "," 466,406 "," 365,447 "," 397,980 "," 391,680 "," 446,063 "," 580,036 "," 509,236 "," 517,940 "
May," 319,245 "," 279,248 "," 374,464 "," 377,818 "," 405,696 "," 409,107 "," 443,490 "," 409,789 "," 447,241 "," 479,821 "," 613,354 "
June," 393,766 "," 359,059 "," 335,428 "," 387,742 "," 385,546 "," 357,078 "," 366,603 "," 406,147 "," 428,800 "," 338,848 "," 501,885 "
July," 468,903 "," 347,468 "," 437,806 "," 469,704 "," 386,000 "," 458,725 "," 478,836 "," 490,997 "," 530,400 "," 421,666 "," 595,019 "
August," 512,807 "," 328,504 "," 480,753 "," 485,799 "," 472,907 "," 470,642 "," 506,151 "," 466,231 "," 591,215 "," 424,556 "," 686,413 "
September," 320,110 "," 351,934 "," 459,838 "," 347,411 "," 367,947 "," 371,176 "," 370,181 "," 343,733 "," 490,750 "," 335,647 "," 445,973 "
October," 361,295 "," 442,868 "," 622,330 "," 539,989 "," 487,430 "," 500,192 "," 623,328 "," 471,799 "," 492,280 "," 408,457 "," 473,991 "
November," 308,698 "," 321,294 "," 455,170 "," 464,193 "," 372,444 "," 357,714 "," 435,048 "," 346,598 "," 358,494 "," 364,490 "," 377,363 "
December," 274,409 "," 286,370 "," 419,959 "," 394,312 "," 315,836 "," 323,936 "," 317,083 "," 318,420 "," 333,040 "," 316,602 "," 367,044 "
January," 274,829 "," 314,454 "," 369,659 "," 393,408 "," 344,887 "," 347,412 "," 383,069 "," 307,185 "," 323,835 "," 358,933 "," 341,653 "
February," 284,615 "," 303,749 "," 424,594 "," 436,752 "," 361,950 "," 380,514 "," 340,093 "," 365,921 "," 419,576 "," 415,405 "," 380,208 "
March," 323,881 "," 321,131 "," 464,213 "," 473,168 "," 381,791 "," 363,712 "," 379,448 "," 393,326 "," 542,205 "," 432,107 "," 401,531 "
Financial Year Running Total," 4,147,549 "," 3,958,026 "," 5,234,508 "," 5,236,702 "," 4,647,881 "," 4,738,188 "," 5,035,010 "," 4,766,209 "," 5,537,872 "," 4,805,768 "," 5,702,374 "
,,,,,,,,,,,
TATE LIVERPOOL,2004/2005,2005/2006,2006/2007,2007/2008,2008/2009,2009/2010,2010/2011,2011/2012,2012/2013,2013/2014,2014/2015
April," 49,335 "," 40,907 "," 49,106 "," 43,839 "," 63,501 "," 40,769 "," 39,196 "," 38,114 "," 47,671 "," 42,439 "," 40,149 "
May," 48,724 "," 62,314 "," 40,250 "," 47,801 "," 89,845 "," 38,185 "," 57,925 "," 35,998 "," 37,075 "," 51,139 "," 41,532 "
June," 59,449 "," 60,810 "," 40,373 "," 46,210 "," 144,565 "," 44,297 "," 69,300 "," 45,791 "," 55,740 "," 57,352 "," 46,528 "
July," 71,448 "," 69,290 "," 65,660 "," 53,317 "," 187,917 "," 59,694 "," 87,115 "," 81,419 "," 79,328 "," 68,614 "," 68,947 "
August," 66,815 "," 81,898 "," 68,439 "," 84,524 "," 225,184 "," 78,012 "," 106,065 "," 81,553 "," 85,698 "," 79,755 "," 64,914 "
September," 50,591 "," 62,123 "," 49,352 "," 71,174 "," 60,770 "," 41,665 "," 42,421 "," 62,587 "," 63,270 "," 58,422 "," 52,578 "
October," 63,366 "," 50,104 "," 58,899 "," 64,239 "," 67,710 "," 48,828 "," 52,142 "," 60,804 "," 64,021 "," 45,139 "," 51,242 "
November," 36,144 "," 36,379 "," 43,183 "," 68,988 "," 50,654 "," 33,595 "," 37,185 "," 47,480 "," 37,767 "," 34,634 "," 49,772 "
December," 23,081 "," 27,673 "," 29,067 "," 44,002 "," 22,046 "," 28,082 "," 20,798 "," 36,362 "," 24,896 "," 25,390 "," 38,839 "
January," 29,227 "," 29,625 "," 31,852 "," 45,152 "," 42,401 "," 28,934 "," 25,587 "," 42,389 "," 25,313 "," 30,907 "," 49,664 "
February," 43,807 "," 45,806 "," 48,381 "," 59,205 "," 45,213 "," 41,634 "," 34,543 "," 40,130 "," 50,027 "," 39,962 "," 53,319 "
March," 49,327 "," 39,924 "," 41,702 "," 62,436 "," 36,152 "," 36,992 "," 33,982 "," 33,696 "," 43,105 "," 35,485 "," 40,284 "
Financial Year Running Total," 591,314 "," 606,853 "," 566,264 "," 690,887 "," 1,035,958 "," 520,687 "," 606,259 "," 606,323 "," 613,911 "," 569,238 "," 597,768 "
,,,,,,,,,,,
TATE ST IVES,2004/2005,2005/2006,2006/2007,2007/2008,2008/2009,2009/2010,2010/2011,2011/2012,2012/2013,2013/2014,2014/2015
April," 23,558 "," 17,990 "," 27,535 "," 22,213 "," 19,899 "," 22,492 "," 19,911 "," 25,005 "," 20,095 "," 25,232 "," 4,365 "
May," 20,284 "," 19,774 "," 21,721 "," 23,581 "," 18,816 "," 19,443 "," 17,271 "," 19,488 "," 15,496 "," 17,371 "," 18,110 "
June," 26,366 "," 23,436 "," 23,834 "," 26,737 "," 20,524 "," 20,805 "," 30,356 "," 23,105 "," 23,554 "," 25,606 "," 26,490 "
July," 33,587 "," 31,237 "," 29,793 "," 33,870 "," 30,000 "," 32,149 "," 29,339 "," 31,798 "," 28,274 "," 41,410 "," 36,274 "
August," 38,381 "," 36,242 "," 40,678 "," 40,678 "," 34,807 "," 37,214 "," 38,318 "," 38,501 "," 32,254 "," 41,494 "," 44,871 "
September," 27,172 "," 26,881 "," 25,768 "," 27,199 "," 22,661 "," 23,029 "," 21,445 "," 22,615 "," 23,077 "," 30,483 "," 29,225 "
October," 21,417 "," 20,448 "," 21,511 "," 21,598 "," 18,621 "," 18,156 "," 17,592 "," 15,579 "," 16,249 "," 19,982 "," 20,720 "
November," 7,370 "," 7,797 "," 7,772 "," 8,448 "," 6,889 "," 7,695 "," 6,861 "," 7,754 "," 7,874 "," 12,805 "," 11,008 "
December," 6,999 "," 6,613 "," 7,521 "," 5,795 "," 4,715 "," 6,448 "," 5,774 "," 6,432 "," 5,419 "," 8,706 "," 8,894 "
January," 6,524 "," 6,110 "," 6,710 "," 6,431 "," 5,048 "," 4,728 "," 5,769 "," 3,939 "," 5,772 "," 8,936 "," 9,185 "
February," 10,081 "," 12,934 "," 14,364 "," 10,633 "," 9,320 "," 8,477 "," 7,978 "," 8,145 "," 9,860 "," 1,197 "," 10,556 "
March," 15,448 "," 14,743 "," 14,152 "," 16,810 "," 12,390 "," 18,582 "," 9,378 "," 10,328 "," 15,329 "," 1,858 "," 14,394 "
Financial Year Running Total," 237,187 "," 224,205 "," 241,359 "," 243,993 "," 203,690 "," 219,218 "," 209,992 "," 212,689 "," 203,253 "," 235,080 "," 234,092 "
Tate St Ives was closed to the public from 27 January-16 May 2014 to complete the Tate St Ives Phase 2 capital project. ,,,,,,,,,,,
,,,,,,,,,,,
(T&W) ARBEIA,2004/2005,2005/2006,2006/2007,2007/2008,2008/2009,2009/2010,2010/2011,2011/2012,2012/2013,2013/2014,2014/2015
April," 10,500 "," 10,474 "," 6,571 "," 7,233 "," 6,618 "," 5,215 "," 5,028 "," 6,555 "," 3,874 "," 3,241 "," 4,206 "
May," 11,434 "," 11,275 "," 6,910 "," 6,978 "," 7,552 "," 5,291 "," 5,547 "," 5,998 "," 3,791 "," 3,720 "," 3,557 "
June," 15,254 "," 14,305 "," 8,218 "," 7,943 "," 6,623 "," 5,227 "," 6,025 "," 7,866 "," 3,725 "," 4,646 "," 4,737 "
July," 8,831 "," 12,043 "," 11,264 "," 9,905 "," 7,855 "," 5,114 "," 5,992 "," 8,636 "," 3,453 "," 5,437 "," 4,999 "
August," 8,519 "," 10,980 "," 10,492 "," 9,888 "," 10,030 "," 8,145 "," 7,896 "," 10,152 "," 4,627 "," 5,943 "," 6,013 "
September," 10,458 "," 8,971 "," 8,900 "," 9,415 "," 7,085 "," 3,387 "," 5,831 "," 5,948 "," 2,689 "," 4,165 "," 3,922 "
October," 6,552 "," 9,257 "," 8,326 "," 8,955 "," 7,059 "," 4,717 "," 4,655 "," 1,815 "," 1,412 "," 1,332 "," 2,264 "
November," 6,646 "," 6,733 "," 5,832 "," 4,927 "," 3,639 "," 2,630 ", 329 , 967 , 423 , 963 , 551 
December," 4,000 "," 3,781 "," 2,543 "," 2,182 "," 1,492 "," 1,155 ", 110 , 355 , 207 , 78 , 213 
January," 2,034 "," 1,864 "," 2,058 "," 2,398 "," 1,921 "," 1,454 ", 131 , 219 , 412 , - , 225 
February," 4,635 "," 2,807 "," 3,341 "," 3,792 "," 2,777 "," 2,519 ", 51 , 353 , 8 , 168 , 246 
March," 9,385 "," 3,803 "," 4,830 "," 4,972 "," 4,287 "," 3,381 ", 379 , 474 ," 3,759 ", 929 ," 1,104 "
Financial Year Running Total," 98,248 "," 96,293 "," 79,285 "," 78,588 "," 66,938 "," 48,235 "," 41,974 "," 49,338 "," 28,380 "," 30,622 "," 32,037 "
"Please note that numbers can vary due to weather conditions, as this is an open air facility. ",,,,,,,,,,,
"The museum is closed from October-March, except for pre-arranged school and group visits, and Christmas events. ",,,,,,,,,,,
,,,,,,,,,,,
(T&W) DISCOVERY,2004/2005,2005/2006,2006/2007,2007/2008,2008/2009,2009/2010,2010/2011,2011/2012,2012/2013,2013/2014,2014/2015
April," 37,919 "," 38,475 "," 38,635 "," 33,627 "," 43,530 "," 42,789 "," 34,892 "," 27,041 "," 47,668 "," 40,222 "," 43,503 "
May," 22,877 "," 31,323 "," 31,684 "," 39,391 "," 34,383 "," 37,626 "," 31,394 "," 30,199 "," 31,192 "," 34,773 "," 37,266 "
June," 41,726 "," 38,963 "," 25,423 "," 35,120 "," 33,377 "," 31,034 "," 31,022 "," 31,674 "," 40,158 "," 26,804 "," 28,125 "
July," 42,757 "," 40,800 "," 30,574 "," 42,392 "," 42,691 "," 46,679 "," 44,625 "," 35,619 "," 39,348 "," 34,886 "," 32,342 "
August," 70,520 "," 51,073 "," 64,674 "," 60,398 "," 66,366 "," 56,783 "," 57,881 "," 57,890 "," 56,825 "," 45,930 "," 58,374 "
September," 32,843 "," 26,426 "," 29,698 "," 29,561 "," 33,472 "," 31,888 "," 30,236 "," 27,222 "," 20,302 "," 27,541 "," 23,760 "
October," 41,877 "," 39,518 "," 41,986 "," 37,854 "," 42,383 "," 40,902 "," 36,331 "," 38,186 "," 37,202 "," 37,000 "," 38,439 "
November," 25,377 "," 30,083 "," 30,690 "," 29,265 "," 31,393 "," 26,712 "," 24,755 "," 27,206 "," 32,886 "," 26,893 "," 28,010 "
December," 26,415 "," 31,646 "," 25,777 "," 20,856 "," 23,747 "," 20,461 "," 18,006 "," 26,598 "," 22,431 "," 19,509 "," 24,003 "
January," 28,516 "," 25,935 "," 31,508 "," 30,394 "," 30,965 "," 25,110 "," 25,984 "," 29,167 "," 27,022 "," 29,308 "," 30,152 "
February," 42,723 "," 45,408 "," 45,285 "," 44,452 "," 44,793 "," 44,844 "," 46,681 "," 43,320 "," 43,229 "," 54,794 "," 39,575 "
March," 54,246 "," 30,839 "," 37,449 "," 36,554 "," 39,252 "," 41,741 "," 42,252 "," 31,642 "," 37,796 "," 35,404 "," 28,662 "
Financial Year Running Total," 467,796 "," 430,489 "," 433,383 "," 439,864 "," 466,352 "," 446,569 "," 424,059 "," 405,764 "," 436,059 "," 413,064 "," 412,211 "
The museum was closed from 23-27 December 2013 and on 1 January 2014,,,,,,,,,,,
,,,,,,,,,,,
(T&W) HANCOCK,2004/2005,2005/2006,2006/2007,2007/2008,2008/2009,2009/2010,2010/2011,2011/2012,2012/2013,2013/2014,2014/2015
April," 13,687 "," 8,098 "," 2,121 ", - , - , - , - , - , - , - , - 
May," 3,872 "," 5,523 ", - , - , - , - , - , - , - , - , - 
June," 4,228 "," 5,773 ", - , - , - , - , - , - , - , - , - 
July," 6,000 "," 4,319 ", - , - , - , - , - , - , - , - , - 
August," 14,027 "," 9,941 ", - , - , - , - , - , - , - , - , - 
September," 7,118 "," 5,257 ", - , - , - , - , - , - , - , - , - 
October," 7,971 "," 8,407 ", - , - , - , - , - , - , - , - , - 
November," 4,078 "," 5,539 ", - , - , - , - , - , - , - , - , - 
December," 3,818 "," 3,064 ", - , - , - , - , - , - , - , - , - 
January," 2,741 "," 5,168 ", - , - , - , - , - , - , - , - , - 
February," 9,294 "," 8,712 ", - , - , - , - , - , - , - , - , - 
March," 10,418 "," 6,893 ", - , - , - , - , - , - , - , - , - 
Financial Year Running Total," 87,252 "," 76,694 "," 2,121 ", - , - , - , - , - , - , - , - 
The Hancock Museum closed and re-opened as the Great North Museum (below),,,,,,,,,,,
,,,,,,,,,,,
(T&W) GREAT NORTH MUSEUM,2004/2005,2005/2006,2006/2007,2007/2008,2008/2009,2009/2010,2010/2011,2011/2012,2012/2013,2013/2014,2014/2015
April, - , - , - , - , - , - ," 57,634 "," 36,737 "," 62,383 "," 37,473 "," 61,304 "
May, - , - , - , - , - ," 63,568 "," 38,529 "," 35,707 "," 29,984 "," 40,543 "," 54,699 "
June, - , - , - , - , - ," 112,719 "," 35,978 "," 31,185 "," 39,717 "," 30,108 "," 31,594 "
July, - , - , - , - , - ," 120,960 "," 45,340 "," 47,286 "," 40,236 "," 42,286 "," 42,069 "
August, - , - , - , - , - ," 144,506 "," 76,757 "," 78,665 "," 57,831 "," 58,592 "," 66,408 "
September, - , - , - , - , - ," 59,101 "," 35,982 "," 31,280 "," 24,396 "," 29,298 "," 28,377 "
October, - , - , - , - , - ," 70,386 "," 47,016 "," 48,660 "," 33,056 "," 40,746 "," 43,993 "
November, - , - , - , - , - ," 41,605 "," 26,586 "," 27,428 "," 31,800 "," 27,505 "," 27,271 "
December, - , - , - , - , - ," 25,925 "," 22,270 "," 20,612 "," 21,348 "," 18,984 "," 22,249 "
January, - , - , - , - , - ," 29,891 "," 29,083 "," 24,259 "," 23,241 "," 26,547 "," 27,550 "
February, - , - , - , - , - ," 59,619 "," 50,575 "," 46,729 "," 43,222 "," 49,986 "," 54,016 "
March, - , - , - , - , - ," 42,972 "," 38,223 "," 36,037 "," 31,517 "," 36,652 "," 32,404 "
Financial Year Running Total, - , - , - , - , - ," 771,252 "," 503,973 "," 464,585 "," 438,731 "," 438,720 "," 491,934 "
,,,,,,,,,,,
(T&W) LAING,2004/2005,2005/2006,2006/2007,2007/2008,2008/2009,2009/2010,2010/2011,2011/2012,2012/2013,2013/2014,2014/2015
April," 28,303 "," 27,818 "," 27,135 "," 17,636 "," 23,990 "," 20,133 "," 25,093 "," 22,751 "," 20,278 "," 18,179 "," 17,589 "
May," 23,304 "," 27,528 "," 28,371 "," 25,950 "," 24,230 "," 21,015 "," 20,961 "," 23,235 "," 19,513 "," 17,714 "," 20,272 "
June," 30,274 "," 24,950 "," 29,906 "," 23,630 "," 22,809 "," 18,895 "," 19,148 "," 19,117 "," 22,866 "," 15,938 "," 15,654 "
July," 23,529 "," 24,539 "," 19,188 "," 23,485 "," 21,325 "," 23,260 "," 21,989 "," 21,411 "," 29,069 "," 19,638 "," 14,348 "
August," 24,037 "," 29,546 "," 27,023 "," 20,558 "," 24,628 "," 23,745 "," 26,123 "," 25,575 "," 29,493 "," 22,842 "," 19,726 "
September," 27,271 "," 27,933 "," 21,326 "," 19,078 "," 21,731 "," 21,021 "," 23,902 "," 20,415 "," 21,527 "," 18,547 "," 15,616 "
October," 27,240 "," 27,611 "," 23,463 "," 24,546 "," 26,065 "," 27,539 "," 27,639 "," 24,978 "," 25,005 "," 19,796 "," 18,287 "
November," 22,979 "," 22,142 "," 22,340 "," 25,064 "," 25,554 "," 20,665 "," 22,480 "," 21,422 "," 21,520 "," 20,350 "," 20,502 "
December," 24,136 "," 20,715 "," 18,517 "," 17,880 "," 18,817 "," 16,621 "," 16,982 "," 20,063 "," 16,299 "," 18,083 "," 16,002 "
January," 15,235 "," 19,208 "," 18,865 "," 17,051 "," 19,864 "," 15,120 "," 18,288 "," 16,868 "," 15,739 "," 20,760 "," 16,776 "
February," 24,486 "," 21,918 "," 20,163 "," 22,477 "," 20,922 "," 30,884 "," 22,324 "," 20,786 "," 19,851 "," 20,203 "," 17,720 "
March," 24,903 "," 20,882 "," 20,376 "," 20,300 "," 19,806 "," 30,452 "," 29,919 "," 20,040 "," 19,457 "," 19,920 "," 22,369 "
Financial Year Running Total," 295,697 "," 294,790 "," 276,673 "," 257,655 "," 269,741 "," 269,350 "," 274,848 "," 256,661 "," 260,617 "," 231,970 "," 214,861 "
The museum was closed from 23-27 December 2013 and on 1 January 2014,,,,,,,,,,,
,,,,,,,,,,,
(T&W) MONKWEARMOUTH,2004/2005,2005/2006,2006/2007,2007/2008,2008/2009,2009/2010,2010/2011,2011/2012,2012/2013,2013/2014,2014/2015
April," 3,067 "," 3,540 ", - , - ," 3,787 "," 2,979 "," 2,371 "," 2,024 "," 3,301 "," 2,423 "," 2,315 "
May," 1,891 "," 2,504 ", - , - ," 3,079 "," 2,349 "," 2,428 "," 2,204 "," 2,481 "," 2,256 "," 2,115 "
June," 3,709 "," 2,471 ", - , - ," 2,469 "," 2,321 "," 2,355 "," 2,116 "," 2,391 "," 1,619 "," 1,438 "
July," 3,299 "," 2,483 ", - , 270 ," 2,752 "," 3,180 "," 3,381 "," 2,404 "," 2,465 "," 2,412 "," 1,857 "
August," 5,040 "," 4,915 ", - ," 16,345 "," 4,148 "," 3,179 "," 3,564 "," 3,507 "," 3,362 "," 3,012 "," 2,746 "
September," 2,872 ", - , - ," 5,507 "," 2,207 "," 2,099 "," 2,375 "," 2,087 "," 1,931 "," 1,734 "," 1,661 "
October," 3,833 ", - , - ," 4,919 "," 1,936 "," 2,854 "," 2,407 "," 3,023 "," 2,268 "," 1,971 "," 2,089 "
November," 2,279 ", - , - ," 1,821 "," 1,942 "," 2,608 "," 2,050 "," 2,269 "," 2,469 "," 1,857 "," 1,672 "
December," 2,530 ", - , - ," 1,778 "," 2,004 "," 1,266 "," 1,584 "," 1,740 "," 1,100 "," 1,127 "," 1,300 "
January," 1,763 ", - , - ," 1,731 "," 2,776 ", 941 ," 1,646 "," 1,953 "," 1,417 "," 1,639 "," 1,399 "
February," 2,848 ", - , - ," 2,735 "," 3,070 "," 2,036 "," 2,472 "," 2,980 "," 2,268 "," 2,156 "," 2,141 "
March," 3,445 ", - , - ," 1,730 "," 2,937 "," 2,654 "," 2,384 "," 2,480 "," 2,077 "," 1,918 "," 1,714 "
Financial Year Running Total," 36,576 "," 15,913 ", - ," 36,836 "," 33,107 "," 28,466 "," 29,017 "," 28,787 "," 27,530 "," 24,124 "," 22,447 "
The museum was closed from 23 December 2013 to 6 January 2014,,,,,,,,,,,
,,,,,,,,,,,
(T&W) WASHINGTON F PIT,2004/2005,2005/2006,2006/2007,2007/2008,2008/2009,2009/2010,2010/2011,2011/2012,2012/2013,2013/2014,2014/2015
April, 31 , - , - , - , - , - , - , - , - , - , - 
May, 168 , 51 , - , - , - , - , - , - , - , - , - 
June, 171 , 77 , - , - , - , - , - , - , - , 16 , - 
July, 193 , 94 , - , 149 , - , - , 171 , 307 , - , - , - 
August, 131 , 263 , 130 , - , 166 , 209 , - , - , 214 , 150 , - 
September, 863 , 676 , 292 , 556 , 574 , 869 , 903 ," 1,045 ", 405 , 195 , 662 
October, - , - , - , - , 249 , 87 , 62 , - , 10 , - , - 
November, - , - , - , - , - , - , - , - , - , - , - 
December, - , - , - , - , - , - , - , - , - , - , - 
January, - , - , - , - , - , - , - , - , - , - , - 
February, - , - , - , - , - , - , - , - , - , - , - 
March, - , - , - , - , - , - , 230 , - , - , - , - 
Financial Year Running Total," 1,557 "," 1,161 ", 422 , 705 , 989 ," 1,165 "," 1,366 "," 1,352 ", 629 , 361 , 662 
Please note that the Washington F Pit is only open in the summer months and is dependent on weather conditions on being open to the public.,,,,,,,,,,,
,,,,,,,,,,,
(T&W) SEGEDUNUM,2004/2005,2005/2006,2006/2007,2007/2008,2008/2009,2009/2010,2010/2011,2011/2012,2012/2013,2013/2014,2014/2015
April," 3,451 "," 3,794 "," 3,327 "," 3,654 "," 3,881 "," 2,870 "," 2,290 "," 4,047 "," 3,086 "," 3,600 "," 3,088 "
May," 3,472 "," 4,312 "," 3,397 "," 4,197 "," 5,198 "," 4,281 "," 3,571 "," 3,299 "," 3,647 "," 3,527 "," 4,076 "
June," 5,856 "," 4,451 "," 3,633 "," 3,744 "," 4,179 "," 3,909 "," 4,625 "," 4,012 "," 4,840 "," 4,273 "," 4,415 "
July," 4,165 "," 4,721 "," 4,435 "," 4,210 "," 4,195 "," 3,467 "," 3,745 "," 4,049 "," 3,932 "," 4,930 "," 4,628 "
August," 5,501 "," 5,661 "," 6,799 "," 4,983 "," 6,048 "," 4,441 "," 5,127 "," 4,989 "," 3,925 "," 4,071 "," 4,121 "
September," 4,405 "," 4,598 "," 3,497 "," 3,176 "," 4,109 "," 3,525 "," 4,491 "," 4,509 "," 3,288 "," 5,705 "," 4,027 "
October," 5,052 "," 4,640 "," 6,178 "," 4,455 "," 4,615 "," 3,666 "," 3,376 "," 4,695 "," 3,116 "," 4,128 "," 3,817 "
November," 3,930 "," 3,600 "," 3,546 "," 3,969 "," 4,609 "," 4,581 "," 14,734 "," 12,233 "," 12,007 "," 14,296 "," 14,498 "
December," 1,901 "," 1,139 "," 1,163 ", 927 ," 1,215 ", 909 , 561 , 663 , 405 , 665 , 633 
January," 2,102 "," 2,765 "," 1,945 "," 1,438 "," 2,647 ", 899 ," 1,367 ", 708 , 393 ," 1,199 ", 900 
February," 3,426 "," 3,597 "," 3,256 "," 2,618 "," 2,442 "," 2,044 "," 2,566 "," 2,304 "," 1,748 "," 2,185 "," 1,856 "
March," 5,234 "," 2,902 "," 3,962 "," 2,833 "," 3,300 "," 8,331 "," 2,669 "," 2,641 "," 2,071 "," 2,633 "," 2,468 "
Financial Year Running Total," 48,495 "," 46,180 "," 45,138 "," 40,204 "," 46,438 "," 42,923 "," 49,122 "," 48,149 "," 42,458 "," 51,212 "," 48,527 "
The museum was closed from 23 December 2013 to 13 January 2014,,,,,,,,,,,
,,,,,,,,,,,
(T&W) SHIPLEY,2004/2005,2005/2006,2006/2007,2007/2008,2008/2009,2009/2010,2010/2011,2011/2012,2012/2013,2013/2014,2014/2015
April," 2,918 "," 4,190 "," 2,801 "," 2,212 "," 3,329 "," 2,903 "," 2,779 "," 2,155 "," 2,248 "," 1,948 "," 2,350 "
May," 2,488 "," 3,496 "," 2,577 "," 3,116 "," 3,023 "," 3,365 "," 3,149 "," 2,857 "," 3,226 "," 2,297 "," 3,067 "
June," 3,379 "," 3,520 "," 2,805 "," 2,261 "," 2,788 "," 2,782 "," 2,311 "," 2,635 "," 1,821 "," 1,749 "," 1,916 "
July," 3,322 "," 3,051 "," 3,805 "," 2,534 "," 2,128 "," 3,720 "," 2,896 "," 2,709 "," 1,703 "," 1,677 "," 2,015 "
August," 4,095 "," 3,586 "," 5,411 "," 2,892 "," 3,129 "," 2,905 "," 3,623 "," 2,747 "," 1,651 "," 1,773 "," 2,354 "
September," 3,299 "," 6,719 "," 3,327 "," 2,716 "," 2,282 "," 2,986 "," 2,871 "," 2,693 "," 2,372 "," 1,694 "," 2,555 "
October," 2,849 "," 8,946 "," 4,449 "," 3,091 "," 2,759 "," 5,948 "," 3,268 "," 3,252 "," 2,692 "," 2,174 "," 2,352 "
November," 3,696 "," 3,873 "," 4,488 "," 3,422 "," 4,622 "," 5,356 "," 3,500 "," 3,932 "," 3,307 "," 2,406 "," 2,931 "
December," 4,321 "," 3,028 "," 2,649 "," 2,745 "," 3,219 "," 2,847 "," 1,907 "," 2,104 "," 1,469 "," 1,176 "," 1,517 "
January," 2,572 "," 2,322 "," 2,445 "," 1,774 "," 2,438 "," 4,128 "," 2,487 "," 1,841 "," 2,054 "," 1,391 "," 1,877 "
February," 3,634 "," 2,668 "," 2,333 "," 2,233 "," 3,415 "," 3,332 "," 3,521 "," 3,406 "," 2,323 "," 2,012 "," 2,001 "
March," 4,451 "," 2,676 "," 2,799 "," 2,910 "," 3,625 "," 3,028 "," 2,608 "," 3,597 "," 2,382 "," 2,297 "," 2,934 "
Financial Year Running Total," 41,024 "," 48,075 "," 39,889 "," 31,906 "," 36,757 "," 43,300 "," 34,920 "," 33,928 "," 27,248 "," 22,594 "," 27,869 "
The museum was closed from 23 December 2013 to 7 January 2014,,,,,,,,,,,
,,,,,,,,,,,
(T&W) SOUTH SHIELDS,2004/2005,2005/2006,2006/2007,2007/2008,2008/2009,2009/2010,2010/2011,2011/2012,2012/2013,2013/2014,2014/2015
April," 21,926 "," 13,638 "," 17,706 "," 17,893 "," 14,862 "," 18,044 "," 17,715 "," 14,084 "," 12,366 "," 12,723 "," 12,922 "
May," 12,571 "," 13,062 "," 13,875 "," 15,096 "," 14,883 "," 15,685 "," 13,465 "," 9,672 "," 8,712 "," 10,742 "," 10,242 "
June," 18,809 "," 13,868 "," 12,812 "," 13,891 "," 10,037 "," 10,584 "," 19,125 "," 10,626 "," 9,948 "," 10,586 "," 10,650 "
July," 21,003 "," 20,155 "," 18,929 "," 19,048 "," 17,604 "," 21,927 "," 30,545 "," 14,734 "," 13,642 "," 12,906 "," 12,939 "
August," 24,211 "," 25,777 "," 26,073 "," 29,074 "," 24,699 "," 24,274 "," 43,230 "," 21,269 "," 18,740 "," 16,315 "," 17,174 "
September," 15,306 "," 11,718 "," 13,776 "," 11,950 "," 11,821 "," 12,027 "," 17,690 "," 10,790 "," 9,397 "," 10,771 "," 10,654 "
October," 11,089 "," 12,934 "," 14,774 "," 13,142 "," 14,416 "," 11,955 "," 11,926 "," 12,492 "," 9,770 "," 10,429 "," 10,834 "
November," 7,604 "," 6,800 "," 8,765 "," 7,847 "," 10,863 "," 7,959 "," 6,100 "," 8,260 "," 8,892 "," 8,720 "," 8,307 "
December," 9,652 "," 9,580 "," 10,989 "," 9,196 "," 10,592 "," 6,669 "," 7,593 "," 5,095 "," 4,288 "," 5,057 "," 3,932 "
January," 5,846 "," 7,144 "," 10,804 "," 7,387 "," 11,236 "," 5,504 "," 7,391 "," 6,647 "," 6,011 "," 5,642 "," 5,840 "
February," 9,854 "," 9,820 "," 16,351 "," 12,745 "," 11,843 "," 11,320 "," 11,936 "," 11,450 "," 10,542 "," 10,611 "," 8,838 "
March," 12,877 "," 7,396 "," 12,555 "," 10,422 "," 9,660 "," 11,967 "," 9,491 "," 10,033 "," 11,887 "," 9,267 "," 12,340 "
Financial Year Running Total," 170,748 "," 151,892 "," 177,409 "," 167,691 "," 162,516 "," 157,915 "," 196,207 "," 135,152 "," 124,195 "," 123,769 "," 124,672 "
The museum was closed from 23 December 2013 to 6 January 2014,,,,,,,,,,,
,,,,,,,,,,,
(T&W) HATTON GALLERY,2004/2005,2005/2006,2006/2007,2007/2008,2008/2009,2009/2010,2010/2011,2011/2012,2012/2013,2013/2014,2014/2015
April, - , - , - , - , - ," 2,467 "," 1,206 "," 1,360 "," 1,208 "," 2,083 "," 2,766 "
May, - , - , - , - , - ," 4,107 "," 1,714 "," 1,326 ", 683 ," 3,239 "," 3,418 "
June, - , - , - , - , - ," 1,888 "," 1,896 "," 2,737 "," 2,226 "," 2,569 "," 3,525 "
July, - , - , - , - , - ," 1,814 "," 1,867 "," 2,581 "," 1,778 "," 2,719 "," 2,667 "
August, - , - , - , - , - ," 1,597 "," 2,043 "," 2,144 "," 1,900 "," 2,183 "," 2,135 "
September, - , - , - , - , - ," 1,697 "," 1,530 "," 1,443 "," 2,353 "," 2,157 "," 2,867 "
October, - , - , - , - ," 4,531 "," 1,772 "," 2,427 "," 2,697 "," 2,400 "," 2,784 "," 3,939 "
November, - , - , - , - ," 2,283 ", 854 ," 1,634 "," 1,337 "," 1,524 "," 2,852 "," 3,407 "
December, - , - , - , - ," 3,701 ", 816 ," 4,648 "," 1,316 "," 1,002 "," 1,646 "," 1,305 "
January, - , - , - , - , 420 ," 1,062 "," 1,466 "," 1,330 "," 1,388 "," 2,557 "," 1,627 "
February, - , - , - , - ," 3,110 "," 1,412 "," 1,787 "," 1,309 "," 1,983 "," 4,061 "," 3,010 "
March, - , - , - , - ," 2,983 "," 2,646 "," 2,303 "," 2,097 "," 2,560 "," 3,714 "," 3,163 "
Financial Year Running Total, - , - , - , - ," 17,028 "," 22,132 "," 24,521 "," 21,677 "," 21,005 "," 32,564 "," 33,829 "
The Hatton Gallery has been managed by Tyne and Wear Museum since October 2008. Figures prior to this are not available.,,,,,,,,,,,
The museum was closed from 21 December 2013 to 6 January 2014,,,,,,,,,,,
,,,,,,,,,,,
(T&W) STEPHENSON ,2004/2005,2005/2006,2006/2007,2007/2008,2008/2009,2009/2010,2010/2011,2011/2012,2012/2013,2013/2014,2014/2015
April, 334 , 173 , 191 ," 6,163 "," 3,763 "," 2,346 "," 2,976 "," 2,134 "," 3,742 "," 4,144 "," 6,528 "
May," 4,085 "," 3,475 "," 2,771 "," 5,679 "," 2,757 "," 1,801 "," 2,099 "," 3,052 "," 2,229 "," 2,886 "," 4,786 "
June," 3,790 "," 3,423 "," 1,803 "," 3,176 "," 2,416 "," 1,191 "," 1,482 "," 1,985 "," 4,224 "," 3,012 "," 3,279 "
July," 5,399 "," 6,399 "," 2,621 "," 6,986 "," 4,595 "," 3,936 "," 2,581 "," 2,905 "," 3,174 "," 3,566 "," 3,971 "
August," 7,519 "," 10,391 "," 8,260 "," 9,422 "," 9,368 "," 4,742 "," 4,852 "," 5,618 "," 6,115 "," 7,148 "," 6,697 "
September," 5,828 "," 3,029 "," 3,084 "," 1,804 "," 1,920 "," 1,610 "," 1,607 "," 2,007 "," 2,337 "," 2,369 "," 2,313 "
October," 1,912 "," 3,058 "," 3,601 "," 4,460 "," 2,805 "," 1,350 "," 3,120 "," 2,876 "," 3,243 "," 3,511 "," 3,808 "
November, 409 , 149 , 146 , 467 , 463 ," 1,208 ", 456 , 156 , 897 ," 1,464 "," 1,529 "
December, - , 110 ," 1,231 "," 1,705 "," 2,284 "," 2,378 "," 1,582 "," 2,284 "," 3,192 "," 5,100 "," 2,756 "
January, 228 , 132 , 126 , 118 , 26 , 135 , 138 , 297 , 179 , - , - 
February, 695 , 196 ," 1,786 "," 1,204 "," 1,017 "," 1,796 "," 1,202 "," 1,608 "," 1,182 "," 1,743 "," 6,085 "
March, 908 , 287 , 516 ," 1,434 ", 329 , 399 , 195 , 686 ," 2,650 ", 484 , - 
Financial Year Running Total," 31,107 "," 30,822 "," 26,136 "," 42,618 "," 31,743 "," 22,892 "," 22,290 "," 25,608 "," 33,164 "," 35,427 "," 41,752 "
The museum is open at weekends and Bank Holidays from April to October and all week during school holidays (excluding Christmas Holidays). ,,,,,,,,,,,
There were Christmas events at the museum each weekend from 31 November-22 December 2013.,,,,,,,,,,,
,,,,,,,,,,,
(T&W) SUNDERLAND,2004/2005,2005/2006,2006/2007,2007/2008,2008/2009,2009/2010,2010/2011,2011/2012,2012/2013,2013/2014,2014/2015
April," 27,179 "," 24,361 "," 32,609 "," 28,527 "," 33,204 "," 32,946 "," 33,598 "," 32,192 "," 27,869 "," 29,157 "," 30,650 "
May," 20,746 "," 22,132 "," 27,836 "," 30,287 "," 27,479 "," 30,627 "," 29,971 "," 25,191 "," 23,155 "," 29,782 "," 35,155 "
June," 30,713 "," 24,526 "," 28,063 "," 27,693 "," 26,453 "," 28,416 "," 31,289 "," 25,910 "," 26,410 "," 33,795 "," 25,922 "
July," 29,780 "," 27,232 "," 32,035 "," 35,133 "," 32,418 "," 41,212 "," 33,576 "," 36,454 "," 28,760 "," 40,470 "," 33,825 "
August," 39,037 "," 40,045 "," 44,185 "," 41,110 "," 39,688 "," 47,086 "," 45,326 "," 45,792 "," 35,184 "," 50,390 "," 40,548 "
September," 28,357 "," 26,205 "," 25,268 "," 28,206 "," 21,398 "," 29,696 "," 28,692 "," 25,407 "," 24,047 "," 28,802 "," 24,764 "
October," 22,650 "," 30,294 "," 29,334 "," 26,235 "," 24,620 "," 25,300 "," 27,343 "," 26,671 "," 29,515 "," 26,476 "," 33,123 "
November," 20,843 "," 21,364 "," 21,921 "," 20,617 "," 19,723 "," 18,765 "," 18,793 "," 20,222 "," 24,643 "," 22,105 "," 24,862 "
December," 23,651 "," 19,420 "," 22,185 "," 20,167 "," 19,416 "," 17,530 "," 21,047 "," 18,027 "," 13,209 "," 15,238 "," 19,861 "
January," 14,573 "," 20,402 "," 21,650 "," 20,637 "," 20,667 "," 17,350 "," 19,087 "," 20,256 "," 14,937 "," 17,154 "," 17,922 "
February," 22,602 "," 27,739 "," 27,469 "," 26,074 "," 26,491 "," 27,982 "," 26,554 "," 24,951 "," 27,616 "," 24,825 "," 25,372 "
March," 27,674 "," 23,335 "," 24,202 "," 22,028 "," 24,380 "," 26,084 "," 24,832 "," 26,006 "," 25,502 "," 23,897 "," 22,134 "
Financial Year Running Total," 307,805 "," 307,055 "," 336,757 "," 326,714 "," 315,937 "," 342,994 "," 340,108 "," 327,079 "," 300,847 "," 342,091 "," 334,138 "
The museum was closed from 23 December 2013 to 6 January 2014,,,,,,,,,,,
,,,,,,,,,,,
(T&W)MUSEUM STORE(SHARED BY T&W AND BEAMISH MUSEUM),2004/2005,2005/2006,2006/2007,2007/2008,2008/2009,2009/2010,2010/2011,2011/2012,2012/2013,2013/2014,2014/2015
April," 12,054 "," 3,362 "," 11,255 "," 11,230 "," 5,908 "," 11,009 "," 8,982 ", - , - , - , - 
May," 9,652 "," 7,608 "," 8,367 "," 9,154 "," 10,115 "," 12,570 "," 9,870 ", - , - , - , - 
June," 9,076 "," 7,426 "," 8,363 "," 7,220 "," 8,215 "," 8,036 "," 9,422 ", - , - , - , - 
July," 14,126 "," 10,904 "," 12,501 "," 11,406 "," 11,104 "," 12,044 "," 11,189 ", - , - , - , - 
August," 22,402 "," 24,681 "," 19,706 "," 19,591 "," 17,457 "," 21,536 "," 19,894 ", - , - , - , - 
September," 8,901 "," 8,602 "," 9,426 "," 9,629 "," 7,690 "," 10,163 "," 10,654 ", - , - , - , - 
October," 6,825 "," 6,818 "," 8,059 "," 7,523 "," 9,053 "," 10,133 "," 10,053 ", - , - , - , - 
November, 94 , - , 517 , 205 , 98 , 589 , 200 , - , - , - , - 
December, - , 18 , 45 , 92 , - , 354 , 354 , - , - , - , - 
January, 189 , 18 , 119 , 124 , - , 216 , 226 , - , - , - , - 
February, 104 , 37 , 437 , 273 , 637 ," 1,724 ", - , - , - , - , - 
March," 4,179 ", 63 , 124 ," 2,809 ", 269 ," 1,170 ", - , - , - , - , - 
Financial Year Running Total," 87,602 "," 69,537 "," 78,919 "," 79,256 "," 70,546 "," 89,544 "," 80,844 ", - , - , - , - 
The Beamish Museum is a storage facility and has been closed to the general public since November 2010,,,,,,,,,,,
,,,,,,,,,,,
(V&A) SOUTH KENSINGTON,2004/2005,2005/2006,2006/2007,2007/2008,2008/2009,2009/2010,2010/2011,2011/2012,2012/2013,2013/2014,2014/2015
April," 236,125 "," 201,189 "," 207,260 "," 209,603 "," 157,834 "," 188,295 "," 211,531 "," 239,385 "," 259,280 "," 297,746 "," 246,955 "
May," 149,149 "," 149,637 "," 182,410 "," 187,486 "," 143,795 "," 160,387 "," 271,026 "," 192,706 "," 217,056 "," 275,042 "," 236,287 "
June," 153,784 "," 141,670 "," 161,962 "," 179,462 "," 199,174 "," 187,220 "," 213,795 "," 212,523 "," 304,524 "," 353,396 "," 313,265 "
July," 202,924 "," 186,436 "," 251,643 "," 213,818 "," 170,787 "," 177,804 "," 204,737 "," 300,713 "," 240,557 "," 302,620 "," 271,362 "
August," 144,806 "," 133,854 "," 217,486 "," 161,431 "," 221,746 "," 228,876 "," 291,309 "," 234,313 "," 233,637 "," 316,552 "," 288,037 "
September," 127,515 "," 113,134 "," 172,916 "," 193,562 "," 140,847 "," 161,419 "," 213,128 "," 218,071 "," 323,516 "," 283,652 "," 339,590 "
October," 226,986 "," 197,143 "," 281,436 "," 211,647 "," 174,288 "," 178,062 "," 231,887 "," 334,234 "," 266,111 "," 223,053 "," 272,890 "
November," 163,851 "," 150,478 "," 216,274 "," 197,071 "," 210,280 "," 242,469 "," 202,407 "," 231,531 "," 327,143 "," 212,318 "," 251,291 "
December," 120,279 "," 160,852 "," 213,338 "," 212,797 "," 132,640 "," 168,317 "," 130,707 "," 176,952 "," 311,952 "," 211,757 "," 241,471 "
January," 183,633 "," 130,429 "," 167,763 "," 168,317 "," 170,525 "," 267,356 "," 249,053 "," 265,782 "," 288,922 "," 254,382 "," 234,225 "
February," 148,514 "," 171,910 "," 259,567 "," 182,815 "," 174,261 "," 216,374 "," 220,071 "," 238,749 "," 223,417 "," 229,748 "," 240,056 "
March," 153,679 "," 165,855 "," 238,987 "," 162,750 "," 224,925 "," 174,808 "," 179,854 "," 243,345 "," 301,992 "," 235,172 "," 328,178 "
Financial Year Running Total," 2,011,245 "," 1,902,587 "," 2,571,042 "," 2,280,759 "," 2,121,102 "," 2,351,387 "," 2,619,505 "," 2,888,304 "," 3,298,107 "," 3,195,438 "," 3,263,607 "
,,,,,,,,,,,
"(V&A) MUSEUM OF CHILDHOOD, BETHNAL GREEN",2004/2005,2005/2006,2006/2007,2007/2008,2008/2009,2009/2010,2010/2011,2011/2012,2012/2013,2013/2014,2014/2015
April," 26,642 "," 26,826 ", - ," 24,946 "," 35,330 "," 33,998 "," 37,278 "," 37,885 "," 42,627 "," 45,550 "," 48,776 "
May," 12,172 "," 14,281 ", - ," 25,313 "," 20,506 "," 27,022 "," 34,362 "," 24,747 "," 27,078 "," 26,359 "," 30,415 "
June," 14,983 "," 15,086 ", - ," 24,537 "," 28,739 "," 32,847 "," 25,723 "," 33,212 "," 36,766 "," 36,280 "," 38,813 "
July," 17,540 "," 14,915 ", - ," 29,871 "," 21,454 "," 26,530 "," 22,779 "," 40,017 "," 27,470 "," 22,311 "," 28,077 "
August," 24,505 "," 20,217 ", - ," 31,580 "," 42,410 "," 46,153 "," 50,977 "," 45,160 "," 32,791 "," 36,499 "," 41,304 "
September," 11,533 "," 9,159 ", - ," 20,798 "," 19,754 "," 21,378 "," 24,048 "," 26,799 "," 30,512 "," 32,298 "," 36,901 "
October," 27,196 "," 22,892 ", - ," 28,064 "," 25,895 "," 27,962 "," 47,169 "," 46,638 "," 32,644 "," 36,069 "," 33,604 "
November," 17,956 ", - , - ," 23,858 "," 39,236 "," 45,064 "," 31,178 "," 36,142 "," 39,310 "," 41,743 "," 42,233 "
December," 12,804 ", - ," 29,925 "," 24,204 "," 19,541 "," 20,380 "," 19,609 "," 26,735 "," 32,067 "," 34,365 "," 36,119 "
January," 22,252 ", - ," 34,654 "," 22,783 "," 29,016 "," 34,733 "," 40,833 "," 40,540 "," 31,453 "," 38,527 "," 38,195 "
February," 27,843 ", - ," 47,704 "," 44,784 "," 41,927 "," 44,597 "," 51,095 "," 45,182 "," 49,805 "," 54,750 "," 49,794 "
March," 20,001 ", - ," 41,950 "," 32,106 "," 35,546 "," 31,096 "," 37,476 "," 40,245 "," 50,738 "," 41,481 "," 41,505 "
Financial Year Running Total," 235,427 "," 123,376 "," 154,233 "," 332,844 "," 359,354 "," 391,760 "," 422,527 "," 443,302 "," 433,261 "," 446,232 "," 465,736 "
*The Museum of Childhood was closed for refurbishment between November 2005 and December 2006.,,,,,,,,,,,
,,,,,,,,,,,
"(V&A) THEATRE MUSEUM, COVENT GARDEN",2004/2005,2005/2006,2006/2007,2007/2008,2008/2009,2009/2010,2010/2011,2011/2012,2012/2013,2013/2014,2014/2015
April," 22,047 "," 19,735 "," 14,514 "," 1,406 ", - , - , - , - , - , - , - 
May," 15,729 "," 11,798 "," 13,311 "," 1,447 ", - , - , - , - , - , - , - 
June," 16,672 "," 15,181 "," 13,353 "," 1,540 ", - , - , - , - , - , - , - 
July," 22,995 "," 15,101 "," 20,650 "," 1,954 ", - , - , - , - , - , - , - 
August," 25,267 "," 12,640 "," 18,113 ", 505 , - , - , - , - , - , - , - 
September," 17,365 "," 11,044 "," 14,447 ", - , - , - , - , - , - , - , - 
October," 20,614 "," 17,166 "," 20,070 ", - , - , - , - , - , - , - , - 
November," 14,665 "," 11,695 "," 11,450 ", - , - , - , - , - , - , - , - 
December," 12,832 "," 10,354 "," 10,825 ", - , - , - , - , - , - , - , - 
January," 19,285 "," 10,788 "," 3,517 ", - , - , - , - , - , - , - , - 
February," 21,228 "," 14,468 "," 1,388 ", - , - , - , - , - , - , - , - 
March," 16,348 "," 16,024 "," 2,819 ", - , - , - , - , - , - , - , - 
Financial Year Running Total," 225,047 "," 165,994 "," 144,457 "," 6,852 ", - , - , - , - , - , - , - 
The Theatre Museum closed in September 2007,,,,,,,,,,,
,,,,,,,,,,,
(V&A) BLYTHE HOUSE,2004/2005,2005/2006,2006/2007,2007/2008,2008/2009,2009/2010,2010/2011,2011/2012,2012/2013,2013/2014,2014/2015
April, - , - , - , 182 , 258 , 165 , 388 , 237 , 218 , 189 , 605 
May, - , - , - , 185 , 245 , 245 ," 2,140 ", 415 , 253 , 266 , 990 
June, - , - , - , 191 , 348 , 306 ," 2,009 ", 230 , 161 , 323 , 633 
July, - , - , - , 276 , 204 , 201 , 336 , 321 , 81 , 240 , 407 
August, - , - , - , 147 , 209 , 223 , 248 , 160 , 180 , 242 , 235 
September, - , - , - , 187 , 158 , 150 , 215 , 170 , 225 , 299 , 872 
October, - , - , - , 239 , 264 , 196 , 363 , 304 , 260 , 640 , 611 
November, - , - , - , 237 , 394 , 382 , 251 , 340 , 336 , 561 , 538 
December, - , - , - , 209 , 160 , 362 , 181 , 248 , 202 , 764 , 585 
January, - , - , - , 188 , 179 , 202 , 208 , 230 , 209 , 361 , 301 
February, - , - , - , 330 , 168 , 218 , 218 , 233 , 303 , 498 , 395 
March, - , - , - , 246 , 339 , 253 , 298 , 326 , 461 , 691 , 689 
Financial Year Running Total, - , - , - ," 2,617 "," 2,926 "," 2,903 "," 6,855 "," 3,214 "," 2,889 "," 5,074 "," 6,861 "
,,,,,,,,,,,
WALLACE COLLECTION,2004/2005,2005/2006,2006/2007,2007/2008,2008/2009,2009/2010,2010/2011,2011/2012,2012/2013,2013/2014,2014/2015
April," 60,197 "," 18,278 "," 22,474 "," 24,818 "," 29,318 "," 30,570 "," 29,549 "," 31,624 "," 32,956 "," 34,007 "," 29,206 "
May," 22,555 "," 18,985 "," 23,287 "," 30,712 "," 32,130 "," 30,197 "," 32,858 "," 34,549 "," 34,479 "," 35,047 "," 32,092 "
June," 21,473 "," 18,264 "," 20,039 "," 28,458 "," 30,457 "," 25,249 "," 28,490 "," 28,490 "," 31,450 "," 34,333 "," 32,309 "
July," 20,632 "," 15,502 "," 18,593 "," 25,171 "," 30,501 "," 26,727 "," 30,672 "," 35,892 "," 29,496 "," 35,472 "," 32,720 "
August," 20,226 "," 14,524 "," 18,727 "," 26,634 "," 29,650 "," 22,961 "," 28,947 "," 32,328 "," 26,420 "," 35,234 "," 30,591 "
September," 19,223 "," 16,387 "," 18,818 "," 26,163 "," 27,848 "," 24,700 "," 26,853 "," 31,943 "," 29,585 "," 32,898 "," 36,332 "
October," 28,190 "," 19,303 "," 26,116 "," 29,153 "," 36,656 "," 44,299 "," 33,209 "," 35,660 "," 32,294 "," 35,710 "," 41,832 "
November," 21,448 "," 21,231 "," 25,941 "," 28,069 "," 32,465 "," 41,208 "," 30,784 "," 33,297 "," 32,645 "," 38,091 "," 39,109 "
December," 18,233 "," 15,961 "," 20,650 "," 21,902 "," 29,204 "," 30,743 "," 23,573 "," 30,596 "," 27,822 "," 32,031 "," 33,396 "
January," 19,149 "," 18,856 "," 24,411 "," 27,103 "," 28,296 "," 35,214 "," 26,730 "," 32,244 "," 29,597 "," 36,497 "," 37,144 "
February," 18,492 "," 22,742 "," 30,164 "," 33,138 "," 26,862 "," 31,239 "," 31,491 "," 31,336 "," 32,947 "," 32,354 "," 39,064 "
March," 18,191 "," 19,181 "," 28,430 "," 34,028 "," 30,399 "," 32,072 "," 33,439 "," 35,789 "," 38,065 "," 33,795 "," 43,772 "
Financial Year Running Total," 288,009 "," 219,214 "," 277,650 "," 335,349 "," 363,786 "," 375,179 "," 356,595 "," 393,748 "," 377,756 "," 415,469 "," 427,567 "
,,,,,,,,,,,
MUSEUM OF LONDON,2004/2005,2005/2006,2006/2007,2007/2008,2008/2009,2009/2010,2010/2011,2011/2012,2012/2013,2013/2014,2014/2015
April," 34,158 "," 40,424 "," 38,534 "," 30,330 ", - , - , - , - , - , - , - 
May," 31,006 "," 36,006 "," 32,510 "," 34,275 ", - , - , - , - , - , - , - 
June," 30,417 "," 32,595 "," 26,865 "," 26,293 ", - , - , - , - , - , - , - 
July," 38,545 "," 28,154 "," 27,909 "," 27,792 ", - , - , - , - , - , - , - 
August," 38,014 "," 22,471 "," 37,207 "," 28,846 ", - , - , - , - , - , - , - 
September," 30,916 "," 24,359 "," 25,611 "," 20,664 ", - , - , - , - , - , - , - 
October," 47,732 "," 32,870 "," 39,234 "," 28,432 ", - , - , - , - , - , - , - 
November," 43,130 "," 30,522 "," 34,542 "," 23,965 ", - , - , - , - , - , - , - 
December," 31,183 "," 23,757 "," 22,227 "," 16,383 ", - , - , - , - , - , - , - 
January," 33,103 "," 31,420 "," 27,260 "," 18,598 ", - , - , - , - , - , - , - 
February," 47,901 "," 39,698 "," 35,651 "," 29,711 ", - , - , - , - , - , - , - 
March," 43,585 "," 38,515 "," 31,318 "," 31,703 ", - , - , - , - , - , - , - 
Financial Year Running Total," 449,690 "," 380,791 "," 378,868 "," 316,992 ", - , - , - , - , - , - , - 
Since April 2008 the Museum of London has been sponsored by the Greater London Authority. This data is now compiled by the GLA.,,,,,,,,,,,
,,,,,,,,,,,
MUSEUM IN DOCKLANDS,2004/2005,2005/2006,2006/2007,2007/2008,2008/2009,2009/2010,2010/2011,2011/2012,2012/2013,2013/2014,2014/2015
April," 8,450 "," 9,059 "," 8,685 "," 7,288 ", - , - , - , - , - , - , - 
May," 9,461 "," 8,622 "," 7,674 "," 8,328 ", - , - , - , - , - , - , - 
June," 16,400 "," 7,013 "," 6,004 "," 6,761 ", - , - , - , - , - , - , - 
July," 7,868 "," 4,934 "," 6,616 "," 6,907 ", - , - , - , - , - , - , - 
August," 7,840 "," 14,209 "," 15,040 "," 7,237 ", - , - , - , - , - , - , - 
September," 6,396 "," 5,887 "," 5,247 "," 4,731 ", - , - , - , - , - , - , - 
October," 10,246 "," 9,282 "," 8,574 "," 8,616 ", - , - , - , - , - , - , - 
November," 6,871 "," 7,051 "," 5,925 "," 10,721 ", - , - , - , - , - , - , - 
December," 4,729 "," 5,421 "," 5,519 "," 7,674 ", - , - , - , - , - , - , - 
January," 9,343 "," 5,360 "," 6,101 "," 7,204 ", - , - , - , - , - , - , - 
February," 9,929 "," 12,452 "," 9,194 "," 11,067 ", - , - , - , - , - , - , - 
March," 9,323 "," 11,785 "," 9,480 "," 14,300 ", - , - , - , - , - , - , - 
Financial Year Running Total," 106,856 "," 101,075 "," 94,059 "," 100,834 ", - , - , - , - , - , - , - 
Since April 2008 the Museum of London has been sponsored by the Greater London Authority. This data is now compiled by the GLA.,,,,,,,,,,,
,,,,,,,,,,,
TOTAL,2004/2005,2005/2006,2006/2007,2007/2008,2008/2009,2009/2010,2010/2011,2011/2012,2012/2013,2013/2014,2014/2015
April," 3,225,394 "," 3,130,596 "," 3,507,352 "," 3,418,889 "," 3,312,574 "," 3,637,436 "," 3,767,823 "," 3,540,989 "," 4,838,938 "," 4,464,559 "," 4,583,274 "
May," 2,695,590 "," 3,038,238 "," 2,953,937 "," 3,275,466 "," 3,285,515 "," 3,442,713 "," 3,654,413 "," 3,247,995 "," 3,771,585 "," 4,338,930 "," 4,450,111 "
June," 2,890,475 "," 2,798,709 "," 2,710,013 "," 2,930,405 "," 3,035,014 "," 3,149,014 "," 3,364,432 "," 3,449,105 "," 4,044,552 "," 3,986,923 "," 4,085,892 "
July," 3,638,847 "," 3,075,258 "," 3,586,776 "," 3,695,152 "," 3,969,402 "," 4,143,726 "," 4,416,238 "," 4,654,010 "," 4,109,637 "," 4,868,366 "," 4,967,486 "
August," 3,937,361 "," 3,134,946 "," 4,096,001 "," 4,155,543 "," 4,861,539 "," 4,699,363 "," 5,130,440 "," 4,944,793 "," 4,495,382 "," 5,340,648 "," 5,899,066 "
September," 2,538,906 "," 2,427,932 "," 2,763,258 "," 2,842,461 "," 2,851,001 "," 3,015,972 "," 3,156,921 "," 3,222,653 "," 3,664,833 "," 3,700,504 "," 3,776,617 "
October," 3,352,074 "," 3,197,821 "," 3,740,662 "," 3,504,697 "," 3,637,111 "," 3,786,280 "," 4,100,641 "," 4,013,639 "," 4,110,678 "," 4,144,449 "," 4,506,087 "
November," 2,570,866 "," 2,501,470 "," 3,004,960 "," 2,952,063 "," 2,932,362 "," 2,997,008 "," 3,071,783 "," 2,989,552 "," 3,522,157 "," 3,385,910 "," 3,696,126 "
December," 2,319,837 "," 2,316,132 "," 2,844,323 "," 2,721,731 "," 2,501,254 "," 2,723,470 "," 2,464,337 "," 2,895,395 "," 3,055,121 "," 3,123,212 "," 3,337,192 "
January," 2,357,821 "," 2,359,306 "," 2,718,366 "," 2,766,389 "," 2,786,059 "," 2,879,735 "," 3,024,445 "," 3,181,320 "," 3,020,415 "," 3,314,791 "," 3,501,464 "
February," 2,884,724 "," 2,803,044 "," 3,304,606 "," 3,472,476 "," 3,153,933 "," 3,485,420 "," 3,534,394 "," 3,722,505 "," 3,898,115 "," 4,092,455 "," 3,929,238 "
March," 3,277,040 "," 2,835,333 "," 3,330,693 "," 3,757,428 "," 3,346,838 "," 3,490,283 "," 3,440,797 "," 3,643,640 "," 4,482,642 "," 4,062,208 "," 3,907,345 "
Financial Year Running Total," 35,688,935 "," 33,618,785 "," 38,560,947 "," 39,492,700 "," 39,672,602 "," 41,450,420 "," 43,126,664 "," 43,505,596 "," 47,014,055 "," 48,822,955 "," 50,639,898 "
